floor,point_id,ssid,bssid,rssi_dbm,channel,width_mhz,band,security_string
Ground,1,Plainsboro-Public-Library,8a:15:04:53:49:70,-41.0,6,20,2.4GHz,[ESS][Unknown]
Ground,1,[Hidden],8a:15:04:53:49:7f,-41.0,6,20,2.4GHz,[WEP][ESS][WEP]
Ground,1,Plainsboro-Public-Library,8a:15:04:52:23:c0,-46.0,6,20,2.4GHz,[ESS][Unknown]
Ground,1,[Hidden],8a:15:04:53:49:4f,-48.0,6,20,2.4GHz,[WEP][ESS][WEP]
Ground,1,[Hidden],8a:15:04:51:e6:2f,-49.0,1,20,2.4GHz,[WEP][ESS][WEP]
Ground,1,Plainsboro-Public-Library,8a:15:04:53:33:90,-49.0,6,20,2.4GHz,[ESS][Unknown]
Ground,1,[Hidden],8a:15:14:53:49:7f,-49.0,157,40,5GHz,[WEP][ESS][WEP]
Ground,1,Plainsboro-Public-Library,8a:15:04:51:e6:20,-49.0,1,20,2.4GHz,[ESS][Unknown]
Ground,1,Plainsboro-Public-Library,8a:15:04:53:49:40,-49.0,6,20,2.4GHz,[ESS][Unknown]
Ground,1,Plainsboro-Public-Library,8a:15:14:53:49:70,-50.0,157,40,5GHz,[ESS][Unknown]
Ground,1,Plainsboro-Public-Library,8a:15:04:53:3c:30,-51.0,11,20,2.4GHz,[ESS][Unknown]
Ground,1,[Hidden],8a:15:14:52:23:cf,-52.0,153,20,5GHz,[WEP][ESS][WEP]
Ground,1,[Hidden],8a:15:04:53:3c:3f,-54.0,11,20,2.4GHz,[WEP][ESS][WEP]
Ground,1,Plainsboro-Public-Library,8a:15:14:52:23:c0,-55.0,153,20,5GHz,[ESS][Unknown]
Ground,1,[Hidden],8a:15:14:53:49:4f,-56.0,48,80,5GHz,[WEP][ESS][WEP]
Ground,1,[Hidden],8a:15:14:53:33:9f,-58.0,36,80,5GHz,[WEP][ESS][WEP]
Ground,1,Plainsboro-Public-Library,8a:15:14:51:e6:20,-58.0,149,20,5GHz,[ESS][Unknown]
Ground,1,Plainsboro-Public-Library,e2:55:7d:bc:13:60,-58.0,6,20,2.4GHz,[ESS][Unknown]
Ground,1,Plainsboro-Public-Library,8a:15:14:53:33:90,-59.0,36,80,5GHz,[ESS][Unknown]
Ground,1,Plainsboro-Public-Library,8a:15:14:53:3c:30,-59.0,108,80,5GHz,[ESS][Unknown]
Ground,1,Plainsboro-Public-Library,8a:15:14:53:49:40,-60.0,48,80,5GHz,[ESS][Unknown]
Ground,1,[Hidden],8a:15:14:53:3c:3f,-61.0,108,80,5GHz,[WEP][ESS][WEP]
Ground,1,[Hidden],e2:55:7d:bc:13:6f,-63.0,6,20,2.4GHz,[WEP][ESS][WEP]
Ground,1,CP1300-9715CD,f8:a2:6d:97:15:cd,-65.0,8,20,2.4GHz,[ESS][Unknown]
Ground,1,Plainsboro-Public-Library,8a:15:04:53:3b:10,-66.0,6,20,2.4GHz,[ESS][Unknown]
Ground,1,Louis’s iPhone,32:e4:bd:47:4a:60,-70.0,6,20,2.4GHz,[WPA2-PSK-CCMP-128][RSN-PSK-CCMP-128][ESS][WPA2 Personal]
Ground,1,[Hidden],8a:15:04:53:3b:1f,-73.0,6,20,2.4GHz,[WEP][ESS][WEP]
Ground,1,DIRECT-B1-HP PageWide Pro 477dw,4a:ba:4e:fb:f7:b1,-77.0,6,20,2.4GHz,[WPA2-PSK-CCMP-128][RSN-PSK-CCMP-128][ESS][WPS][WPA2 Personal]
Ground,1,Devirajathi's S25 Ultra,36:61:bf:fc:5d:9d,-78.0,11,20,2.4GHz,[WPA2-PSK-CCMP-128][RSN-PSK-CCMP-128][ESS][WPA2 Personal]
Ground,1,Plainsboro-Public-Library,e2:55:6d:bc:13:60,-79.0,108,80,5GHz,[ESS][Unknown]
Ground,1,[Hidden],e2:55:6d:bc:13:6f,-79.0,108,80,5GHz,[WEP][ESS][WEP]
Ground,1,Plainsboro-Public-Library,8a:15:04:52:1c:80,-80.0,11,20,2.4GHz,[ESS][Unknown]
Ground,1,Plainsboro-Public-Library,8a:15:14:53:3b:10,-82.0,153,80,5GHz,[ESS][Unknown]
Ground,1,[Hidden],da:55:b8:2d:e8:c4,-84.0,100,80,5GHz,[WPA2-PSK+PSK-SHA256-CCMP-256+CCMP-128][RSN-PSK+PSK-SHA256-CCMP-256+CCMP-128][ESS][WPA2 Personal]
Ground,1,Plainsboro-Public-Library,e6:55:b8:2d:e8:c4,-86.0,100,80,5GHz,[ESS][Unknown]
Ground,2,Plainsboro-Public-Library,8a:15:04:53:3c:30,-47.0,11,20,2.4GHz,[ESS][Unknown]
Ground,2,Plainsboro-Public-Library,8a:15:04:53:49:70,-47.0,6,20,2.4GHz,[ESS][Unknown]
Ground,2,[Hidden],8a:15:04:53:49:7f,-47.0,6,20,2.4GHz,[WEP][ESS][WEP]
Ground,2,Plainsboro-Public-Library,8a:15:04:51:e6:20,-50.0,1,20,2.4GHz,[ESS][Unknown]
Ground,2,Plainsboro-Public-Library,8a:15:04:53:33:90,-52.0,6,20,2.4GHz,[ESS][Unknown]
Ground,2,Plainsboro-Public-Library,8a:15:04:53:49:40,-52.0,6,20,2.4GHz,[ESS][Unknown]
Ground,2,[Hidden],8a:15:14:53:3c:3f,-56.0,108,80,5GHz,[WEP][ESS][WEP]
Ground,2,Plainsboro-Public-Library,8a:15:14:53:3c:30,-58.0,108,80,5GHz,[ESS][Unknown]
Ground,2,Plainsboro-Public-Library,8a:15:14:53:49:70,-58.0,157,40,5GHz,[ESS][Unknown]
Ground,2,Plainsboro-Public-Library,8a:15:04:52:23:c0,-60.0,6,20,2.4GHz,[ESS][Unknown]
Ground,2,[Hidden],8a:15:14:51:e6:2f,-60.0,149,20,5GHz,[WEP][ESS][WEP]
Ground,2,Plainsboro-Public-Library,8a:15:14:51:e6:20,-61.0,149,20,5GHz,[ESS][Unknown]
Ground,2,Plainsboro-Public-Library,8a:15:14:53:49:40,-66.0,48,80,5GHz,[ESS][Unknown]
Ground,2,Plainsboro-Public-Library,8a:15:14:52:23:c0,-66.0,153,20,5GHz,[ESS][Unknown]
Ground,2,[Hidden],8a:15:14:53:49:4f,-66.0,48,80,5GHz,[WEP][ESS][WEP]
Ground,2,[Hidden],8a:15:14:52:23:cf,-67.0,153,20,5GHz,[WEP][ESS][WEP]
Ground,2,Plainsboro-Public-Library,e2:55:7d:bc:13:60,-67.0,6,20,2.4GHz,[ESS][Unknown]
Ground,2,[Hidden],e2:55:7d:bc:13:6f,-68.0,6,20,2.4GHz,[WEP][ESS][WEP]
Ground,2,CP1300-9715CD,f8:a2:6d:97:15:cd,-74.0,8,20,2.4GHz,[ESS][Unknown]
Ground,2,Louis’s iPhone,32:e4:bd:47:4a:60,-76.0,6,20,2.4GHz,[WPA2-PSK-CCMP-128][RSN-PSK-CCMP-128][ESS][WPA2 Personal]
Ground,2,Plainsboro-Public-Library,8a:15:04:53:3b:10,-76.0,6,20,2.4GHz,[ESS][Unknown]
Ground,2,Plainsboro-Public-Library,e2:55:6d:bc:13:60,-77.0,108,80,5GHz,[ESS][Unknown]
Ground,2,[Hidden],8a:15:04:53:3b:1f,-78.0,6,20,2.4GHz,[WEP][ESS][WEP]
Ground,2,[Hidden],e2:55:6d:bc:13:6f,-79.0,108,80,5GHz,[WEP][ESS][WEP]
Ground,2,DIRECT-B1-HP PageWide Pro 477dw,4a:ba:4e:fb:f7:b1,-79.0,6,20,2.4GHz,[WPA2-PSK-CCMP-128][RSN-PSK-CCMP-128][ESS][WPS][WPA2 Personal]
Ground,2,[Hidden],da:55:b8:2d:e8:c4,-82.0,100,80,5GHz,[WPA2-PSK+PSK-SHA256-CCMP-256+CCMP-128][RSN-PSK+PSK-SHA256-CCMP-256+CCMP-128][ESS][WPA2 Personal]
Ground,2,Plainsboro-Public-Library,e6:55:b8:2d:e8:c4,-83.0,100,80,5GHz,[ESS][Unknown]
Ground,3,[Hidden],8a:15:04:53:3c:3f,-38.0,11,20,2.4GHz,[WEP][ESS][WEP]
Ground,3,Plainsboro-Public-Library,8a:15:04:53:3c:30,-41.0,11,20,2.4GHz,[ESS][Unknown]
Ground,3,Plainsboro-Public-Library,8a:15:04:52:23:c0,-44.0,6,20,2.4GHz,[ESS][Unknown]
Ground,3,[Hidden],8a:15:14:53:3c:3f,-51.0,108,80,5GHz,[WEP][ESS][WEP]
Ground,3,Plainsboro-Public-Library,8a:15:04:53:49:70,-51.0,6,20,2.4GHz,[ESS][Unknown]
Ground,3,Plainsboro-Public-Library,8a:15:04:51:e6:20,-52.0,1,20,2.4GHz,[ESS][Unknown]
Ground,3,Plainsboro-Public-Library,8a:15:14:51:e6:20,-53.0,149,20,5GHz,[ESS][Unknown]
Ground,3,Plainsboro-Public-Library,8a:15:14:53:3c:30,-53.0,108,80,5GHz,[ESS][Unknown]
Ground,3,[Hidden],8a:15:04:53:49:4f,-53.0,6,20,2.4GHz,[WEP][ESS][WEP]
Ground,3,Plainsboro-Public-Library,8a:15:04:53:49:40,-53.0,6,20,2.4GHz,[ESS][Unknown]
Ground,3,[Hidden],8a:15:14:53:49:7f,-58.0,157,40,5GHz,[WEP][ESS][WEP]
Ground,3,Plainsboro-Public-Library,8a:15:14:53:49:70,-58.0,157,40,5GHz,[ESS][Unknown]
Ground,3,[Hidden],8a:15:04:53:33:9f,-60.0,6,20,2.4GHz,[WEP][ESS][WEP]
Ground,3,Plainsboro-Public-Library,8a:15:04:53:33:90,-61.0,6,20,2.4GHz,[ESS][Unknown]
Ground,3,Plainsboro-Public-Library,8a:15:14:53:33:90,-65.0,36,80,5GHz,[ESS][Unknown]
Ground,3,[Hidden],e2:55:7d:bc:13:6f,-67.0,6,20,2.4GHz,[WEP][ESS][WEP]
Ground,3,Plainsboro-Public-Library,e2:55:7d:bc:13:60,-68.0,6,20,2.4GHz,[ESS][Unknown]
Ground,3,Plainsboro-Public-Library,e2:55:6d:bc:13:60,-77.0,108,80,5GHz,[ESS][Unknown]
Ground,3,DIRECT-B1-HP PageWide Pro 477dw,4a:ba:4e:fb:f7:b1,-77.0,6,20,2.4GHz,[WPA2-PSK-CCMP-128][RSN-PSK-CCMP-128][ESS][WPS][WPA2 Personal]
Ground,3,Link,a0:04:60:c4:40:b3,-79.0,3,20,2.4GHz,[WPA2-PSK-CCMP-128][RSN-PSK-CCMP-128][ESS][WPS][WPA2 Personal]
Ground,3,[Hidden],e2:55:6d:bc:13:6f,-79.0,108,80,5GHz,[WEP][ESS][WEP]
Ground,4,Plainsboro-Public-Library,8a:15:04:53:3c:30,-46.0,11,20,2.4GHz,[ESS][Unknown]
Ground,4,Plainsboro-Public-Library,8a:15:14:53:3c:30,-47.0,108,80,5GHz,[ESS][Unknown]
Ground,4,[Hidden],8a:15:04:53:49:7f,-60.0,6,20,2.4GHz,[WEP][ESS][WEP]
Ground,4,Plainsboro-Public-Library,8a:15:04:53:49:70,-61.0,6,20,2.4GHz,[ESS][Unknown]
Ground,4,Plainsboro-Public-Library,8a:15:04:53:49:40,-62.0,6,20,2.4GHz,[ESS][Unknown]
Ground,4,Plainsboro-Public-Library,8a:15:04:53:33:90,-63.0,6,20,2.4GHz,[ESS][Unknown]
Ground,4,Plainsboro-Public-Library,8a:15:04:51:e6:20,-63.0,1,20,2.4GHz,[ESS][Unknown]
Ground,4,Plainsboro-Public-Library,8a:15:04:52:23:c0,-63.0,6,20,2.4GHz,[ESS][Unknown]
Ground,4,Plainsboro-Public-Library,8a:15:14:53:49:70,-67.0,157,40,5GHz,[ESS][Unknown]
Ground,4,[Hidden],8a:15:14:51:e6:2f,-70.0,149,20,5GHz,[WEP][ESS][WEP]
Ground,4,CP1300-9715CD,f8:a2:6d:97:15:cd,-70.0,8,20,2.4GHz,[ESS][Unknown]
Ground,4,Plainsboro-Public-Library,8a:15:14:51:e6:20,-72.0,149,20,5GHz,[ESS][Unknown]
Ground,4,[Hidden],8a:15:14:52:23:cf,-73.0,153,20,5GHz,[WEP][ESS][WEP]
Ground,4,Plainsboro-Public-Library,8a:15:14:53:33:90,-73.0,36,80,5GHz,[ESS][Unknown]
Ground,4,Plainsboro-Public-Library,8a:15:14:52:23:c0,-74.0,153,20,5GHz,[ESS][Unknown]
Ground,4,Link,a0:04:60:c4:40:b3,-74.0,3,20,2.4GHz,[WPA2-PSK-CCMP-128][RSN-PSK-CCMP-128][ESS][WPS][WPA2 Personal]
Ground,4,[Hidden],8a:15:14:53:49:4f,-75.0,48,80,5GHz,[WEP][ESS][WEP]
Ground,4,Plainsboro-Public-Library,8a:15:14:53:49:40,-76.0,48,80,5GHz,[ESS][Unknown]
Ground,4,Plainsboro-Public-Library,e2:55:6d:bc:13:60,-85.0,108,80,5GHz,[ESS][Unknown]
Ground,5,Plainsboro-Public-Library,8a:15:04:53:3c:30,-40.0,11,20,2.4GHz,[ESS][Unknown]
Ground,5,Plainsboro-Public-Library,8a:15:14:53:3c:30,-51.0,108,80,5GHz,[ESS][Unknown]
Ground,5,Plainsboro-Public-Library,8a:15:04:53:49:70,-55.0,6,20,2.4GHz,[ESS][Unknown]
Ground,5,[Hidden],8a:15:04:53:49:7f,-56.0,6,20,2.4GHz,[WEP][ESS][WEP]
Ground,5,Plainsboro-Public-Library,8a:15:04:53:49:40,-57.0,6,20,2.4GHz,[ESS][Unknown]
Ground,5,[Hidden],8a:15:04:53:49:4f,-58.0,6,20,2.4GHz,[WEP][ESS][WEP]
Ground,5,Plainsboro-Public-Library,8a:15:04:52:23:c0,-60.0,6,20,2.4GHz,[ESS][Unknown]
Ground,5,Plainsboro-Public-Library,8a:15:04:51:e6:20,-61.0,1,20,2.4GHz,[ESS][Unknown]
Ground,5,[Hidden],8a:15:14:53:49:4f,-68.0,48,80,5GHz,[WEP][ESS][WEP]
Ground,5,Plainsboro-Public-Library,8a:15:14:53:49:40,-68.0,48,80,5GHz,[ESS][Unknown]
Ground,5,Plainsboro-Public-Library,8a:15:14:53:49:70,-71.0,157,40,5GHz,[ESS][Unknown]
Ground,5,[Hidden],8a:15:14:51:e6:2f,-72.0,149,20,5GHz,[WEP][ESS][WEP]
Ground,5,Plainsboro-Public-Library,8a:15:14:51:e6:20,-73.0,149,20,5GHz,[ESS][Unknown]
Ground,5,Plainsboro-Public-Library,e2:55:7d:bc:13:60,-73.0,6,20,2.4GHz,[ESS][Unknown]
Ground,5,[Hidden],e2:55:7d:bc:13:6f,-73.0,6,20,2.4GHz,[WEP][ESS][WEP]
Ground,5,[Hidden],8a:15:14:52:23:cf,-74.0,153,20,5GHz,[WEP][ESS][WEP]
Ground,5,Plainsboro-Public-Library,8a:15:14:53:33:90,-75.0,36,80,5GHz,[ESS][Unknown]
Ground,5,[Hidden],8a:15:14:53:33:9f,-75.0,36,80,5GHz,[WEP][ESS][WEP]
Ground,5,Plainsboro-Public-Library,8a:15:14:52:23:c0,-76.0,153,20,5GHz,[ESS][Unknown]
Ground,5,Link,a0:04:60:c4:40:b3,-77.0,3,20,2.4GHz,[WPA2-PSK-CCMP-128][RSN-PSK-CCMP-128][ESS][WPS][WPA2 Personal]
Ground,5,Louis’s iPhone,32:e4:bd:47:4a:60,-84.0,6,20,2.4GHz,[WPA2-PSK-CCMP-128][RSN-PSK-CCMP-128][ESS][WPA2 Personal]
Ground,6,Plainsboro-Public-Library,8a:15:04:53:3c:30,-37.0,11,20,2.4GHz,[ESS][Unknown]
Ground,6,Plainsboro-Public-Library,8a:15:14:53:3c:30,-47.0,108,80,5GHz,[ESS][Unknown]
Ground,6,[Hidden],8a:15:04:53:49:4f,-51.0,6,20,2.4GHz,[WEP][ESS][WEP]
Ground,6,Plainsboro-Public-Library,8a:15:04:53:49:40,-52.0,6,20,2.4GHz,[ESS][Unknown]
Ground,6,Plainsboro-Public-Library,8a:15:04:51:e6:20,-57.0,1,20,2.4GHz,[ESS][Unknown]
Ground,6,Plainsboro-Public-Library,8a:15:14:52:23:c0,-58.0,153,20,5GHz,[ESS][Unknown]
Ground,6,Plainsboro-Public-Library,8a:15:04:53:33:90,-61.0,6,20,2.4GHz,[ESS][Unknown]
Ground,6,[Hidden],8a:15:14:53:49:4f,-63.0,48,80,5GHz,[WEP][ESS][WEP]
Ground,6,Plainsboro-Public-Library,8a:15:14:53:49:40,-63.0,48,80,5GHz,[ESS][Unknown]
Ground,6,Plainsboro-Public-Library,8a:15:14:53:49:70,-64.0,157,40,5GHz,[ESS][Unknown]
Ground,6,Plainsboro-Public-Library,8a:15:04:52:23:c0,-66.0,6,20,2.4GHz,[ESS][Unknown]
Ground,6,Plainsboro-Public-Library,8a:15:14:51:e6:20,-67.0,149,20,5GHz,[ESS][Unknown]
Ground,6,[Hidden],8a:15:04:53:49:7f,-67.0,6,20,2.4GHz,[WEP][ESS][WEP]
Ground,6,Plainsboro-Public-Library,8a:15:04:53:49:70,-68.0,6,20,2.4GHz,[ESS][Unknown]
Ground,6,Plainsboro-Public-Library,8a:15:14:53:33:90,-69.0,36,80,5GHz,[ESS][Unknown]
Ground,6,[Hidden],8a:15:14:53:33:9f,-70.0,36,80,5GHz,[WEP][ESS][WEP]
Ground,6,CP1300-9715CD,f8:a2:6d:97:15:cd,-70.0,8,20,2.4GHz,[ESS][Unknown]
Ground,6,[Hidden],e2:55:7d:bc:13:6f,-72.0,6,20,2.4GHz,[WEP][ESS][WEP]
Ground,6,Plainsboro-Public-Library,e2:55:6d:bc:13:60,-84.0,108,80,5GHz,[ESS][Unknown]
Ground,7,Plainsboro-Public-Library,8a:15:04:53:3c:30,-35.0,11,20,2.4GHz,[ESS][Unknown]
Ground,7,Plainsboro-Public-Library,8a:15:14:53:3c:30,-41.0,108,80,5GHz,[ESS][Unknown]
Ground,7,[Hidden],8a:15:04:53:49:7f,-52.0,6,20,2.4GHz,[WEP][ESS][WEP]
Ground,7,[Hidden],8a:15:04:53:49:4f,-53.0,6,20,2.4GHz,[WEP][ESS][WEP]
Ground,7,Plainsboro-Public-Library,8a:15:04:53:49:70,-53.0,6,20,2.4GHz,[ESS][Unknown]
Ground,7,Plainsboro-Public-Library,8a:15:04:53:49:40,-53.0,6,20,2.4GHz,[ESS][Unknown]
Ground,7,Plainsboro-Public-Library,8a:15:04:52:23:c0,-55.0,6,20,2.4GHz,[ESS][Unknown]
Ground,7,Plainsboro-Public-Library,8a:15:04:51:e6:20,-57.0,1,20,2.4GHz,[ESS][Unknown]
Ground,7,Plainsboro-Public-Library,8a:15:14:53:49:70,-57.0,157,40,5GHz,[ESS][Unknown]
Ground,7,Plainsboro-Public-Library,8a:15:04:53:33:90,-61.0,6,20,2.4GHz,[ESS][Unknown]
Ground,7,Plainsboro-Public-Library,8a:15:14:52:23:c0,-62.0,153,20,5GHz,[ESS][Unknown]
Ground,7,[Hidden],8a:15:14:53:49:4f,-62.0,48,80,5GHz,[WEP][ESS][WEP]
Ground,7,Plainsboro-Public-Library,8a:15:14:53:49:40,-63.0,48,80,5GHz,[ESS][Unknown]
Ground,7,Plainsboro-Public-Library,8a:15:14:51:e6:20,-64.0,149,20,5GHz,[ESS][Unknown]
Ground,7,Plainsboro-Public-Library,e2:55:7d:bc:13:60,-73.0,6,20,2.4GHz,[ESS][Unknown]
Ground,7,[Hidden],e2:55:7d:bc:13:6f,-73.0,6,20,2.4GHz,[WEP][ESS][WEP]
Ground,7,CP1300-9715CD,f8:a2:6d:97:15:cd,-75.0,8,20,2.4GHz,[ESS][Unknown]
Ground,7,Plainsboro-Public-Library,e2:55:6d:bc:13:60,-82.0,108,80,5GHz,[ESS][Unknown]
Ground,8,[Hidden],8a:15:04:53:49:7f,-48.0,6,20,2.4GHz,[WEP][ESS][WEP]
Ground,8,Plainsboro-Public-Library,8a:15:04:53:49:70,-48.0,6,20,2.4GHz,[ESS][Unknown]
Ground,8,Plainsboro-Public-Library,8a:15:04:52:23:c0,-49.0,6,20,2.4GHz,[ESS][Unknown]
Ground,8,Plainsboro-Public-Library,8a:15:04:53:49:40,-52.0,6,20,2.4GHz,[ESS][Unknown]
Ground,8,Plainsboro-Public-Library,8a:15:04:53:33:90,-55.0,6,20,2.4GHz,[ESS][Unknown]
Ground,8,[Hidden],8a:15:14:53:49:4f,-56.0,48,80,5GHz,[WEP][ESS][WEP]
Ground,8,Plainsboro-Public-Library,8a:15:14:53:49:40,-56.0,48,80,5GHz,[ESS][Unknown]
Ground,8,Plainsboro-Public-Library,8a:15:04:53:3c:30,-57.0,11,20,2.4GHz,[ESS][Unknown]
Ground,8,[Hidden],8a:15:14:53:3c:3f,-58.0,108,80,5GHz,[WEP][ESS][WEP]
Ground,8,[Hidden],8a:15:14:53:49:7f,-58.0,157,40,5GHz,[WEP][ESS][WEP]
Ground,8,Plainsboro-Public-Library,8a:15:14:53:49:70,-58.0,157,40,5GHz,[ESS][Unknown]
Ground,8,Plainsboro-Public-Library,8a:15:04:51:e6:20,-59.0,1,20,2.4GHz,[ESS][Unknown]
Ground,8,[Hidden],8a:15:14:52:23:cf,-62.0,153,20,5GHz,[WEP][ESS][WEP]
Ground,8,Plainsboro-Public-Library,8a:15:14:53:3c:30,-63.0,108,80,5GHz,[ESS][Unknown]
Ground,8,Plainsboro-Public-Library,e2:55:7d:bc:13:60,-64.0,6,20,2.4GHz,[ESS][Unknown]
Ground,8,[Hidden],e2:55:7d:bc:13:6f,-64.0,6,20,2.4GHz,[WEP][ESS][WEP]
Ground,8,Plainsboro-Public-Library,8a:15:14:52:23:c0,-66.0,153,20,5GHz,[ESS][Unknown]
Ground,8,Plainsboro-Public-Library,8a:15:14:53:33:90,-70.0,36,80,5GHz,[ESS][Unknown]
Ground,8,Plainsboro-Public-Library,8a:15:14:51:e6:20,-73.0,149,20,5GHz,[ESS][Unknown]
Ground,8,CP1300-9715CD,f8:a2:6d:97:15:cd,-73.0,8,20,2.4GHz,[ESS][Unknown]
Ground,8,Plainsboro-Public-Library,e2:55:6d:bc:13:60,-82.0,108,80,5GHz,[ESS][Unknown]
Ground,8,Devirajathi's S25 Ultra,36:61:bf:fc:5d:9d,-85.0,11,20,2.4GHz,[WPA2-PSK-CCMP-128][RSN-PSK-CCMP-128][ESS][WPA2 Personal]
Ground,9,Plainsboro-Public-Library,8a:15:04:53:3c:30,-41.0,11,20,2.4GHz,[ESS][Unknown]
Ground,9,Plainsboro-Public-Library,8a:15:04:53:49:40,-45.0,6,20,2.4GHz,[ESS][Unknown]
Ground,9,[Hidden],8a:15:04:53:49:4f,-47.0,6,20,2.4GHz,[WEP][ESS][WEP]
Ground,9,[Hidden],8a:15:14:53:49:4f,-54.0,48,80,5GHz,[WEP][ESS][WEP]
Ground,9,Plainsboro-Public-Library,8a:15:14:53:49:40,-54.0,48,80,5GHz,[ESS][Unknown]
Ground,9,Plainsboro-Public-Library,8a:15:14:53:3c:30,-59.0,108,80,5GHz,[ESS][Unknown]
Ground,9,[Hidden],8a:15:14:53:3c:3f,-60.0,108,80,5GHz,[WEP][ESS][WEP]
Ground,9,Plainsboro-Public-Library,8a:15:04:53:49:70,-61.0,6,20,2.4GHz,[ESS][Unknown]
Ground,9,Plainsboro-Public-Library,8a:15:04:52:23:c0,-63.0,6,20,2.4GHz,[ESS][Unknown]
Ground,9,Plainsboro-Public-Library,8a:15:14:53:49:70,-65.0,157,40,5GHz,[ESS][Unknown]
Ground,9,[Hidden],8a:15:04:51:e6:2f,-70.0,1,20,2.4GHz,[WEP][ESS][WEP]
Ground,9,Plainsboro-Public-Library,8a:15:04:53:33:90,-71.0,6,20,2.4GHz,[ESS][Unknown]
Ground,9,Plainsboro-Public-Library,8a:15:04:51:e6:20,-71.0,1,20,2.4GHz,[ESS][Unknown]
Ground,9,[Hidden],8a:15:04:53:33:9f,-71.0,6,20,2.4GHz,[WEP][ESS][WEP]
Ground,9,[Hidden],8a:15:14:52:23:cf,-72.0,153,20,5GHz,[WEP][ESS][WEP]
Ground,9,Plainsboro-Public-Library,8a:15:14:52:23:c0,-72.0,153,20,5GHz,[ESS][Unknown]
Ground,9,Plainsboro-Public-Library,e2:55:7d:bc:13:60,-72.0,6,20,2.4GHz,[ESS][Unknown]
Ground,9,Plainsboro-Public-Library,8a:15:14:53:33:90,-76.0,36,80,5GHz,[ESS][Unknown]
Ground,9,Plainsboro-Public-Library,8a:15:14:51:e6:20,-78.0,149,20,5GHz,[ESS][Unknown]
Ground,9,[Hidden],8a:15:14:51:e6:2f,-78.0,149,20,5GHz,[WEP][ESS][WEP]
Ground,9,Plainsboro-Public-Library,e2:55:6d:bc:13:60,-83.0,108,80,5GHz,[ESS][Unknown]
Ground,9,CP1300-9715CD,f8:a2:6d:97:15:cd,-83.0,8,20,2.4GHz,[ESS][Unknown]
Ground,9,[Hidden],e2:55:6d:bc:13:6f,-83.0,108,80,5GHz,[WEP][ESS][WEP]
Ground,10,[Hidden],8a:15:04:53:49:4f,-34.0,6,20,2.4GHz,[WEP][ESS][WEP]
Ground,10,Plainsboro-Public-Library,8a:15:04:53:49:40,-34.0,6,20,2.4GHz,[ESS][Unknown]
Ground,10,Plainsboro-Public-Library,8a:15:14:53:49:40,-44.0,48,80,5GHz,[ESS][Unknown]
Ground,10,Plainsboro-Public-Library,8a:15:04:53:3c:30,-55.0,11,20,2.4GHz,[ESS][Unknown]
Ground,10,Plainsboro-Public-Library,8a:15:04:53:49:70,-57.0,6,20,2.4GHz,[ESS][Unknown]
Ground,10,Plainsboro-Public-Library,8a:15:14:53:49:70,-58.0,157,40,5GHz,[ESS][Unknown]
Ground,10,[Hidden],8a:15:14:53:49:7f,-59.0,157,40,5GHz,[WEP][ESS][WEP]
Ground,10,[Hidden],8a:15:04:53:33:9f,-69.0,6,20,2.4GHz,[WEP][ESS][WEP]
Ground,10,Plainsboro-Public-Library,8a:15:04:53:33:90,-70.0,6,20,2.4GHz,[ESS][Unknown]
Ground,10,[Hidden],8a:15:14:53:3c:3f,-70.0,108,80,5GHz,[WEP][ESS][WEP]
Ground,10,Plainsboro-Public-Library,8a:15:04:52:23:c0,-70.0,6,20,2.4GHz,[ESS][Unknown]
Ground,10,[Hidden],8a:15:04:52:23:cf,-70.0,6,20,2.4GHz,[WEP][ESS][WEP]
Ground,10,Plainsboro-Public-Library,8a:15:14:53:3c:30,-71.0,108,80,5GHz,[ESS][Unknown]
Ground,10,Plainsboro-Public-Library,8a:15:04:51:e6:20,-74.0,1,20,2.4GHz,[ESS][Unknown]
Ground,10,Plainsboro-Public-Library,8a:15:14:53:33:90,-77.0,36,80,5GHz,[ESS][Unknown]
Ground,10,Plainsboro-Public-Library,8a:15:04:52:1c:80,-78.0,11,20,2.4GHz,[ESS][Unknown]
Ground,10,Plainsboro-Public-Library,8a:15:14:52:23:c0,-78.0,153,20,5GHz,[ESS][Unknown]
Ground,10,Plainsboro-Public-Library,8a:15:14:51:e6:20,-80.0,149,20,5GHz,[ESS][Unknown]
Ground,10,Plainsboro-Public-Library,8a:15:14:52:1c:80,-83.0,149,80,5GHz,[ESS][Unknown]
Ground,10,[Hidden],e2:55:6d:bc:13:6f,-87.0,108,80,5GHz,[WEP][ESS][WEP]
Ground,11,[Hidden],8a:15:04:53:49:4f,-36.0,6,20,2.4GHz,[WEP][ESS][WEP]
Ground,11,Plainsboro-Public-Library,8a:15:04:53:49:40,-36.0,6,20,2.4GHz,[ESS][Unknown]
Ground,11,Plainsboro-Public-Library,8a:15:14:53:49:40,-45.0,48,80,5GHz,[ESS][Unknown]
Ground,11,Plainsboro-Public-Library,8a:15:04:53:3c:30,-52.0,11,20,2.4GHz,[ESS][Unknown]
Ground,11,Plainsboro-Public-Library,8a:15:14:53:49:70,-57.0,157,40,5GHz,[ESS][Unknown]
Ground,11,Plainsboro-Public-Library,8a:15:04:53:33:90,-60.0,6,20,2.4GHz,[ESS][Unknown]
Ground,11,Plainsboro-Public-Library,8a:15:04:53:49:70,-65.0,6,20,2.4GHz,[ESS][Unknown]
Ground,11,Plainsboro-Public-Library,8a:15:04:52:23:c0,-65.0,6,20,2.4GHz,[ESS][Unknown]
Ground,11,Plainsboro-Public-Library,8a:15:14:53:3c:30,-69.0,108,80,5GHz,[ESS][Unknown]
Ground,11,[Hidden],8a:15:14:53:3c:3f,-69.0,108,80,5GHz,[WEP][ESS][WEP]
Ground,11,Plainsboro-Public-Library,e2:55:7d:bc:13:60,-72.0,6,20,2.4GHz,[ESS][Unknown]
Ground,11,Plainsboro-Public-Library,8a:15:14:52:23:c0,-73.0,153,20,5GHz,[ESS][Unknown]
Ground,11,Plainsboro-Public-Library,8a:15:04:51:e6:20,-73.0,1,20,2.4GHz,[ESS][Unknown]
Ground,11,Plainsboro-Public-Library,8a:15:14:53:33:90,-75.0,36,80,5GHz,[ESS][Unknown]
Ground,11,Plainsboro-Public-Library,8a:15:14:51:e6:20,-76.0,149,20,5GHz,[ESS][Unknown]
Ground,11,CP1300-9715CD,f8:a2:6d:97:15:cd,-78.0,8,20,2.4GHz,[ESS][Unknown]
Ground,11,Plainsboro-Public-Library,e2:55:6d:bc:13:60,-86.0,108,80,5GHz,[ESS][Unknown]
Ground,11,[Hidden],e2:55:6d:bc:13:6f,-86.0,108,80,5GHz,[WEP][ESS][WEP]
Ground,12,Plainsboro-Public-Library,8a:15:14:53:49:40,-43.0,48,80,5GHz,[ESS][Unknown]
Ground,12,[Hidden],8a:15:04:53:49:4f,-45.0,6,20,2.4GHz,[WEP][ESS][WEP]
Ground,12,Plainsboro-Public-Library,8a:15:04:53:49:40,-45.0,6,20,2.4GHz,[ESS][Unknown]
Ground,12,Plainsboro-Public-Library,8a:15:04:53:49:70,-51.0,6,20,2.4GHz,[ESS][Unknown]
Ground,12,Plainsboro-Public-Library,8a:15:14:53:49:70,-57.0,157,40,5GHz,[ESS][Unknown]
Ground,12,Plainsboro-Public-Library,8a:15:04:53:3c:30,-58.0,11,20,2.4GHz,[ESS][Unknown]
Ground,12,[Hidden],8a:15:04:52:23:cf,-60.0,6,20,2.4GHz,[WEP][ESS][WEP]
Ground,12,Plainsboro-Public-Library,8a:15:04:52:23:c0,-64.0,6,20,2.4GHz,[ESS][Unknown]
Ground,12,Plainsboro-Public-Library,8a:15:04:53:33:90,-66.0,6,20,2.4GHz,[ESS][Unknown]
Ground,12,Plainsboro-Public-Library,8a:15:04:51:e6:20,-70.0,1,20,2.4GHz,[ESS][Unknown]
Ground,12,Plainsboro-Public-Library,8a:15:14:53:3c:30,-74.0,108,80,5GHz,[ESS][Unknown]
Ground,12,Plainsboro-Public-Library,8a:15:14:52:23:c0,-74.0,153,20,5GHz,[ESS][Unknown]
Ground,12,Plainsboro-Public-Library,8a:15:14:51:e6:20,-78.0,149,20,5GHz,[ESS][Unknown]
Ground,12,[Hidden],8a:15:14:53:3c:3f,-78.0,108,80,5GHz,[WEP][ESS][WEP]
Ground,13,[Hidden],8a:15:04:53:49:4f,-39.0,6,20,2.4GHz,[WEP][ESS][WEP]
Ground,13,Plainsboro-Public-Library,8a:15:04:53:49:40,-41.0,6,20,2.4GHz,[ESS][Unknown]
Ground,13,Plainsboro-Public-Library,8a:15:14:53:49:40,-48.0,48,80,5GHz,[ESS][Unknown]
Ground,13,Plainsboro-Public-Library,8a:15:14:53:49:70,-60.0,157,40,5GHz,[ESS][Unknown]
Ground,13,Plainsboro-Public-Library,8a:15:04:53:49:70,-60.0,6,20,2.4GHz,[ESS][Unknown]
Ground,13,[Hidden],8a:15:04:53:33:9f,-67.0,6,20,2.4GHz,[WEP][ESS][WEP]
Ground,13,[Hidden],8a:15:04:52:23:cf,-67.0,6,20,2.4GHz,[WEP][ESS][WEP]
Ground,13,Plainsboro-Public-Library,8a:15:04:53:33:90,-68.0,6,20,2.4GHz,[ESS][Unknown]
Ground,13,Plainsboro-Public-Library,8a:15:04:52:23:c0,-68.0,6,20,2.4GHz,[ESS][Unknown]
Ground,13,Plainsboro-Public-Library,8a:15:04:53:3c:30,-72.0,11,20,2.4GHz,[ESS][Unknown]
Ground,13,Plainsboro-Public-Library,8a:15:14:53:3c:30,-76.0,108,80,5GHz,[ESS][Unknown]
Ground,13,[Hidden],8a:15:14:53:3c:3f,-78.0,108,80,5GHz,[WEP][ESS][WEP]
Ground,13,Plainsboro-Public-Library,8a:15:14:51:e6:20,-79.0,149,20,5GHz,[ESS][Unknown]
Ground,13,Plainsboro-Public-Library,8a:15:14:53:33:90,-83.0,36,80,5GHz,[ESS][Unknown]
Ground,13,Plainsboro-Public-Library,8a:15:14:52:23:c0,-86.0,153,20,5GHz,[ESS][Unknown]
Ground,14,Plainsboro-Public-Library,8a:15:04:53:49:40,-45.0,6,20,2.4GHz,[ESS][Unknown]
Ground,14,Plainsboro-Public-Library,8a:15:14:53:49:40,-53.0,48,80,5GHz,[ESS][Unknown]
Ground,14,[Hidden],8a:15:14:53:49:7f,-59.0,157,40,5GHz,[WEP][ESS][WEP]
Ground,14,Plainsboro-Public-Library,8a:15:04:53:49:70,-59.0,6,20,2.4GHz,[ESS][Unknown]
Ground,14,Plainsboro-Public-Library,8a:15:14:53:49:70,-61.0,157,40,5GHz,[ESS][Unknown]
Ground,14,Plainsboro-Public-Library,8a:15:04:53:3c:30,-69.0,11,20,2.4GHz,[ESS][Unknown]
Ground,14,[Hidden],8a:15:04:53:33:9f,-69.0,6,20,2.4GHz,[WEP][ESS][WEP]
Ground,14,[Hidden],8a:15:04:52:23:cf,-69.0,6,20,2.4GHz,[WEP][ESS][WEP]
Ground,14,Plainsboro-Public-Library,8a:15:04:53:33:90,-70.0,6,20,2.4GHz,[ESS][Unknown]
Ground,14,Plainsboro-Public-Library,8a:15:04:52:23:c0,-73.0,6,20,2.4GHz,[ESS][Unknown]
Ground,14,Plainsboro-Public-Library,8a:15:14:53:3c:30,-81.0,108,80,5GHz,[ESS][Unknown]
Ground,14,[Hidden],8a:15:14:53:3c:3f,-81.0,108,80,5GHz,[WEP][ESS][WEP]
Ground,14,Plainsboro-Public-Library,8a:15:14:53:33:90,-82.0,36,80,5GHz,[ESS][Unknown]
Ground,14,Plainsboro-Public-Library,8a:15:14:52:23:c0,-82.0,153,20,5GHz,[ESS][Unknown]
Ground,14,Plainsboro-Public-Library,8a:15:14:51:e6:20,-83.0,149,20,5GHz,[ESS][Unknown]
Ground,14,CP1300-9715CD,f8:a2:6d:97:15:cd,-88.0,8,20,2.4GHz,[ESS][Unknown]
Ground,15,Plainsboro-Public-Library,8a:15:04:53:49:40,-36.0,6,20,2.4GHz,[ESS][Unknown]
Ground,15,[Hidden],8a:15:14:53:49:4f,-50.0,48,80,5GHz,[WEP][ESS][WEP]
Ground,15,Plainsboro-Public-Library,8a:15:14:53:49:40,-51.0,48,80,5GHz,[ESS][Unknown]
Ground,15,Plainsboro-Public-Library,8a:15:04:53:49:70,-55.0,6,20,2.4GHz,[ESS][Unknown]
Ground,15,[Hidden],8a:15:04:53:49:7f,-57.0,6,20,2.4GHz,[WEP][ESS][WEP]
Ground,15,Plainsboro-Public-Library,8a:15:14:53:49:70,-63.0,157,40,5GHz,[ESS][Unknown]
Ground,15,Plainsboro-Public-Library,8a:15:04:53:33:90,-64.0,6,20,2.4GHz,[ESS][Unknown]
Ground,15,Plainsboro-Public-Library,8a:15:04:53:3c:30,-65.0,11,20,2.4GHz,[ESS][Unknown]
Ground,15,[Hidden],8a:15:04:51:e6:2f,-68.0,1,20,2.4GHz,[WEP][ESS][WEP]
Ground,15,Plainsboro-Public-Library,8a:15:04:51:e6:20,-71.0,1,20,2.4GHz,[ESS][Unknown]
Ground,15,Plainsboro-Public-Library,8a:15:04:52:23:c0,-72.0,6,20,2.4GHz,[ESS][Unknown]
Ground,15,[Hidden],8a:15:14:53:3c:3f,-73.0,108,80,5GHz,[WEP][ESS][WEP]
Ground,15,Plainsboro-Public-Library,8a:15:14:53:3c:30,-74.0,108,80,5GHz,[ESS][Unknown]
Ground,15,[Hidden],8a:15:04:53:3b:1f,-75.0,6,20,2.4GHz,[WEP][ESS][WEP]
Ground,15,Plainsboro-Public-Library,8a:15:14:51:e6:20,-78.0,149,20,5GHz,[ESS][Unknown]
Ground,15,Plainsboro-Public-Library,8a:15:14:52:23:c0,-80.0,153,20,5GHz,[ESS][Unknown]
Ground,15,[Hidden],8a:15:14:53:33:9f,-81.0,36,80,5GHz,[WEP][ESS][WEP]
Ground,15,Plainsboro-Public-Library,8a:15:14:53:33:90,-82.0,36,80,5GHz,[ESS][Unknown]
Ground,15,Plainsboro-Public-Library,8a:15:04:53:3b:10,-82.0,6,20,2.4GHz,[ESS][Unknown]
Ground,15,[Hidden],8a:15:14:53:3b:1f,-84.0,153,80,5GHz,[WEP][ESS][WEP]
Ground,15,Plainsboro-Public-Library,e2:55:6d:bc:13:60,-86.0,108,80,5GHz,[ESS][Unknown]
Ground,15,Plainsboro-Public-Library,8a:15:14:53:3b:10,-86.0,153,80,5GHz,[ESS][Unknown]
Ground,15,[Hidden],e2:55:6d:bc:13:6f,-86.0,108,80,5GHz,[WEP][ESS][WEP]
Ground,15,CP1300-9715CD,f8:a2:6d:97:15:cd,-88.0,8,20,2.4GHz,[ESS][Unknown]
Ground,16,Plainsboro-Public-Library,8a:15:04:53:49:40,-42.0,6,20,2.4GHz,[ESS][Unknown]
Ground,16,Plainsboro-Public-Library,8a:15:14:53:49:70,-49.0,157,40,5GHz,[ESS][Unknown]
Ground,16,Plainsboro-Public-Library,8a:15:04:53:49:70,-49.0,6,20,2.4GHz,[ESS][Unknown]
Ground,16,[Hidden],8a:15:04:53:49:7f,-51.0,6,20,2.4GHz,[WEP][ESS][WEP]
Ground,16,Plainsboro-Public-Library,8a:15:14:53:49:40,-51.0,48,80,5GHz,[ESS][Unknown]
Ground,16,Plainsboro-Public-Library,8a:15:04:53:33:90,-58.0,6,20,2.4GHz,[ESS][Unknown]
Ground,16,Plainsboro-Public-Library,8a:15:04:52:23:c0,-59.0,6,20,2.4GHz,[ESS][Unknown]
Ground,16,Plainsboro-Public-Library,8a:15:14:53:33:90,-66.0,36,80,5GHz,[ESS][Unknown]
Ground,16,[Hidden],8a:15:14:53:33:9f,-67.0,36,80,5GHz,[WEP][ESS][WEP]
Ground,16,Plainsboro-Public-Library,8a:15:14:53:3c:30,-68.0,108,80,5GHz,[ESS][Unknown]
Ground,16,[Hidden],8a:15:14:53:3c:3f,-69.0,108,80,5GHz,[WEP][ESS][WEP]
Ground,16,Plainsboro-Public-Library,8a:15:04:53:3c:30,-69.0,11,20,2.4GHz,[ESS][Unknown]
Ground,16,Plainsboro-Public-Library,8a:15:14:52:23:c0,-69.0,153,20,5GHz,[ESS][Unknown]
Ground,16,Plainsboro-Public-Library,8a:15:14:51:e6:20,-72.0,149,20,5GHz,[ESS][Unknown]
Ground,16,CP1300-9715CD,f8:a2:6d:97:15:cd,-74.0,8,20,2.4GHz,[ESS][Unknown]
Ground,16,US-CYL4667KK6,92:44:53:03:e0:80,-76.0,6,20,2.4GHz,[WPA2-PSK-CCMP-128][RSN-PSK-CCMP-128][ESS][WPA2 Personal]
Ground,16,Plainsboro-Public-Library,e2:55:7d:bc:13:60,-77.0,6,20,2.4GHz,[ESS][Unknown]
Ground,17,Plainsboro-Public-Library,8a:15:04:53:49:70,-45.0,6,20,2.4GHz,[ESS][Unknown]
Ground,17,[Hidden],8a:15:04:53:49:7f,-46.0,6,20,2.4GHz,[WEP][ESS][WEP]
Ground,17,Plainsboro-Public-Library,8a:15:14:53:49:70,-46.0,157,40,5GHz,[ESS][Unknown]
Ground,17,[Hidden],8a:15:04:53:3c:3f,-61.0,11,20,2.4GHz,[WEP][ESS][WEP]
Ground,17,Plainsboro-Public-Library,8a:15:04:53:3c:30,-63.0,11,20,2.4GHz,[ESS][Unknown]
Ground,17,Plainsboro-Public-Library,8a:15:04:51:e6:20,-65.0,1,20,2.4GHz,[ESS][Unknown]
Ground,17,Plainsboro-Public-Library,8a:15:14:53:49:40,-65.0,48,80,5GHz,[ESS][Unknown]
Ground,17,Plainsboro-Public-Library,8a:15:14:51:e6:20,-71.0,149,20,5GHz,[ESS][Unknown]
Ground,17,Plainsboro-Public-Library,8a:15:14:53:3c:30,-71.0,108,80,5GHz,[ESS][Unknown]
Ground,17,Plainsboro-Public-Library,8a:15:04:53:33:90,-71.0,6,20,2.4GHz,[ESS][Unknown]
Ground,17,Plainsboro-Public-Library,8a:15:14:52:23:c0,-71.0,153,20,5GHz,[ESS][Unknown]
Ground,17,[Hidden],8a:15:14:53:3c:3f,-72.0,108,80,5GHz,[WEP][ESS][WEP]
Ground,17,[Hidden],da:55:b8:2d:e8:c4,-72.0,100,80,5GHz,[WPA2-PSK+PSK-SHA256-CCMP-256+CCMP-128][RSN-PSK+PSK-SHA256-CCMP-256+CCMP-128][ESS][WPA2 Personal]
Ground,17,Plainsboro-Public-Library,e4:55:a8:2d:e8:c4,-74.0,1,20,2.4GHz,[ESS][Unknown]
Ground,17,[Hidden],8a:15:14:53:33:9f,-74.0,36,80,5GHz,[WEP][ESS][WEP]
Ground,17,Plainsboro-Public-Library,8a:15:14:53:33:90,-75.0,36,80,5GHz,[ESS][Unknown]
Ground,17,Plainsboro-Public-Library,e6:55:b8:2d:e8:c4,-76.0,100,80,5GHz,[ESS][Unknown]
Ground,17,CP1300-9715CD,f8:a2:6d:97:15:cd,-80.0,8,20,2.4GHz,[ESS][Unknown]
Ground,18,Plainsboro-Public-Library,8a:15:04:53:49:70,-30.0,6,20,2.4GHz,[ESS][Unknown]
Ground,18,[Hidden],8a:15:04:53:49:7f,-33.0,6,20,2.4GHz,[WEP][ESS][WEP]
Ground,18,Plainsboro-Public-Library,8a:15:14:53:49:70,-35.0,157,40,5GHz,[ESS][Unknown]
Ground,18,Plainsboro-Public-Library,8a:15:14:53:49:40,-55.0,48,80,5GHz,[ESS][Unknown]
Ground,18,Plainsboro-Public-Library,8a:15:04:52:23:c0,-56.0,6,20,2.4GHz,[ESS][Unknown]
Ground,18,[Hidden],8a:15:04:52:23:cf,-56.0,6,20,2.4GHz,[WEP][ESS][WEP]
Ground,18,[Hidden],8a:15:04:53:3c:3f,-58.0,11,20,2.4GHz,[WEP][ESS][WEP]
Ground,18,Plainsboro-Public-Library,8a:15:04:53:3c:30,-61.0,11,20,2.4GHz,[ESS][Unknown]
Ground,18,Plainsboro-Public-Library,8a:15:04:51:e6:20,-61.0,1,20,2.4GHz,[ESS][Unknown]
Ground,18,Plainsboro-Public-Library,8a:15:14:51:e6:20,-62.0,149,20,5GHz,[ESS][Unknown]
Ground,18,Plainsboro-Public-Library,8a:15:14:53:3c:30,-65.0,108,80,5GHz,[ESS][Unknown]
Ground,18,[Hidden],8a:15:14:53:3c:3f,-66.0,108,80,5GHz,[WEP][ESS][WEP]
Ground,18,Plainsboro-Public-Library,8a:15:14:52:23:c0,-69.0,153,20,5GHz,[ESS][Unknown]
Ground,18,[Hidden],8a:15:14:53:33:9f,-69.0,36,80,5GHz,[WEP][ESS][WEP]
Ground,18,Plainsboro-Public-Library,8a:15:14:53:33:90,-70.0,36,80,5GHz,[ESS][Unknown]
Ground,18,CP1300-9715CD,f8:a2:6d:97:15:cd,-74.0,8,20,2.4GHz,[ESS][Unknown]
Ground,18,Plainsboro-Public-Library,e4:55:a8:2d:e8:c4,-80.0,1,20,2.4GHz,[ESS][Unknown]
Ground,18,Plainsboro-Public-Library,e6:55:b8:2d:e8:c4,-84.0,100,80,5GHz,[ESS][Unknown]
Ground,18,Plainsboro-Public-Library,8a:15:14:53:3b:10,-84.0,153,80,5GHz,[ESS][Unknown]
Ground,18,Plainsboro-Public-Library,e2:55:6d:bc:13:60,-86.0,108,80,5GHz,[ESS][Unknown]
Ground,19,[Hidden],8a:15:04:53:3c:3f,-45.0,11,20,2.4GHz,[WEP][ESS][WEP]
Ground,19,Plainsboro-Public-Library,8a:15:04:53:49:70,-45.0,6,20,2.4GHz,[ESS][Unknown]
Ground,19,[Hidden],8a:15:04:52:23:cf,-45.0,6,20,2.4GHz,[WEP][ESS][WEP]
Ground,19,[Hidden],8a:15:04:53:49:7f,-46.0,6,20,2.4GHz,[WEP][ESS][WEP]
Ground,19,Plainsboro-Public-Library,8a:15:04:53:3c:30,-46.0,11,20,2.4GHz,[ESS][Unknown]
Ground,19,Plainsboro-Public-Library,8a:15:04:52:23:c0,-46.0,6,20,2.4GHz,[ESS][Unknown]
Ground,19,Plainsboro-Public-Library,8a:15:04:53:49:40,-46.0,6,20,2.4GHz,[ESS][Unknown]
Ground,19,Plainsboro-Public-Library,8a:15:14:53:49:70,-53.0,157,40,5GHz,[ESS][Unknown]
Ground,19,Plainsboro-Public-Library,8a:15:04:53:33:90,-54.0,6,20,2.4GHz,[ESS][Unknown]
Ground,19,Plainsboro-Public-Library,8a:15:14:53:49:40,-56.0,48,80,5GHz,[ESS][Unknown]
Ground,19,Plainsboro-Public-Library,8a:15:04:51:e6:20,-57.0,1,20,2.4GHz,[ESS][Unknown]
Ground,19,Plainsboro-Public-Library,8a:15:14:52:23:c0,-60.0,153,20,5GHz,[ESS][Unknown]
Ground,19,Plainsboro-Public-Library,e2:55:7d:bc:13:60,-62.0,6,20,2.4GHz,[ESS][Unknown]
Ground,19,Plainsboro-Public-Library,8a:15:14:51:e6:20,-66.0,149,20,5GHz,[ESS][Unknown]
Ground,19,CP1300-938B59,f8:a2:6d:93:8b:59,-66.0,2,20,2.4GHz,[ESS][Unknown]
Ground,19,Plainsboro-Public-Library,8a:15:14:53:33:90,-67.0,36,80,5GHz,[ESS][Unknown]
Ground,19,Plainsboro-Public-Library,8a:15:14:53:3c:30,-67.0,108,80,5GHz,[ESS][Unknown]
Ground,19,[Hidden],8a:15:14:53:33:9f,-67.0,36,80,5GHz,[WEP][ESS][WEP]
Ground,19,[Hidden],8a:15:14:53:3c:3f,-68.0,108,80,5GHz,[WEP][ESS][WEP]
Ground,19,DIRECT-B1-HP PageWide Pro 477dw,4a:ba:4e:fb:f7:b1,-78.0,6,20,2.4GHz,[WPA2-PSK-CCMP-128][RSN-PSK-CCMP-128][ESS][WPS][WPA2 Personal]
Ground,19,Plainsboro-Public-Library,8a:15:14:53:3b:10,-84.0,153,80,5GHz,[ESS][Unknown]
Ground,20,Plainsboro-Public-Library,8a:15:04:53:49:40,-40.0,6,20,2.4GHz,[ESS][Unknown]
Ground,20,[Hidden],8a:15:04:53:49:4f,-42.0,6,20,2.4GHz,[WEP][ESS][WEP]
Ground,20,Plainsboro-Public-Library,8a:15:14:53:49:40,-44.0,48,80,5GHz,[ESS][Unknown]
Ground,20,[Hidden],8a:15:04:53:49:7f,-51.0,6,20,2.4GHz,[WEP][ESS][WEP]
Ground,20,Plainsboro-Public-Library,8a:15:04:53:3c:30,-55.0,11,20,2.4GHz,[ESS][Unknown]
Ground,20,Plainsboro-Public-Library,8a:15:14:53:49:70,-55.0,157,40,5GHz,[ESS][Unknown]
Ground,20,[Hidden],8a:15:04:53:33:9f,-63.0,6,20,2.4GHz,[WEP][ESS][WEP]
Ground,20,Plainsboro-Public-Library,8a:15:04:53:33:90,-64.0,6,20,2.4GHz,[ESS][Unknown]
Ground,20,Plainsboro-Public-Library,8a:15:04:52:23:c0,-64.0,6,20,2.4GHz,[ESS][Unknown]
Ground,20,[Hidden],8a:15:04:52:23:cf,-64.0,6,20,2.4GHz,[WEP][ESS][WEP]
Ground,20,[Hidden],8a:15:14:53:3c:3f,-67.0,108,80,5GHz,[WEP][ESS][WEP]
Ground,20,Plainsboro-Public-Library,8a:15:04:53:49:70,-67.0,6,20,2.4GHz,[ESS][Unknown]
Ground,20,Plainsboro-Public-Library,8a:15:14:51:e6:20,-70.0,149,20,5GHz,[ESS][Unknown]
Ground,20,Plainsboro-Public-Library,8a:15:14:53:3c:30,-70.0,108,80,5GHz,[ESS][Unknown]
Ground,20,[Hidden],e2:55:7d:bc:13:6f,-70.0,6,20,2.4GHz,[WEP][ESS][WEP]
Ground,20,Plainsboro-Public-Library,8a:15:14:52:23:c0,-71.0,153,20,5GHz,[ESS][Unknown]
Ground,20,Plainsboro-Public-Library,8a:15:04:51:e6:20,-72.0,1,20,2.4GHz,[ESS][Unknown]
Ground,20,[Hidden],8a:15:14:53:33:9f,-74.0,36,80,5GHz,[WEP][ESS][WEP]
Ground,20,Plainsboro-Public-Library,8a:15:14:53:33:90,-77.0,36,80,5GHz,[ESS][Unknown]
Ground,20,Plainsboro-Public-Library,e2:55:7d:bc:13:60,-77.0,6,20,2.4GHz,[ESS][Unknown]
Ground,20,CP1300-938B59,f8:a2:6d:93:8b:59,-80.0,2,20,2.4GHz,[ESS][Unknown]
Ground,21,Plainsboro-Public-Library,8a:15:04:53:49:70,-44.0,6,20,2.4GHz,[ESS][Unknown]
Ground,21,[Hidden],8a:15:04:53:49:7f,-45.0,6,20,2.4GHz,[WEP][ESS][WEP]
Ground,21,Plainsboro-Public-Library,8a:15:04:53:33:90,-51.0,6,20,2.4GHz,[ESS][Unknown]
Ground,21,[Hidden],8a:15:04:51:e6:2f,-53.0,1,20,2.4GHz,[WEP][ESS][WEP]
Ground,21,Plainsboro-Public-Library,8a:15:04:51:e6:20,-53.0,1,20,2.4GHz,[ESS][Unknown]
Ground,21,Plainsboro-Public-Library,8a:15:14:53:49:70,-53.0,157,40,5GHz,[ESS][Unknown]
Ground,21,Plainsboro-Public-Library,8a:15:04:53:3c:30,-55.0,11,20,2.4GHz,[ESS][Unknown]
Ground,21,[Hidden],8a:15:14:53:33:9f,-57.0,36,80,5GHz,[WEP][ESS][WEP]
Ground,21,[Hidden],8a:15:14:53:49:4f,-58.0,48,80,5GHz,[WEP][ESS][WEP]
Ground,21,Plainsboro-Public-Library,8a:15:14:53:33:90,-59.0,36,80,5GHz,[ESS][Unknown]
Ground,21,Plainsboro-Public-Library,8a:15:14:53:49:40,-59.0,48,80,5GHz,[ESS][Unknown]
Ground,21,Plainsboro-Public-Library,e2:55:7d:bc:13:60,-61.0,6,20,2.4GHz,[ESS][Unknown]
Ground,21,Plainsboro-Public-Library,8a:15:14:51:e6:20,-62.0,149,20,5GHz,[ESS][Unknown]
Ground,21,[Hidden],8a:15:14:53:3c:3f,-63.0,108,80,5GHz,[WEP][ESS][WEP]
Ground,21,Plainsboro-Public-Library,8a:15:14:52:23:c0,-66.0,153,20,5GHz,[ESS][Unknown]
Ground,21,Plainsboro-Public-Library,8a:15:14:53:3c:30,-67.0,108,80,5GHz,[ESS][Unknown]
Ground,21,Plainsboro-Public-Library,e2:55:6d:bc:13:60,-74.0,108,80,5GHz,[ESS][Unknown]
Ground,21,[Hidden],e2:55:6d:bc:13:6f,-75.0,108,80,5GHz,[WEP][ESS][WEP]
Ground,21,[Hidden],8a:15:14:53:3b:1f,-82.0,153,80,5GHz,[WEP][ESS][WEP]
Ground,21,Plainsboro-Public-Library,8a:15:14:53:3b:10,-82.0,153,80,5GHz,[ESS][Unknown]
Ground,21,[Hidden],da:55:b8:2d:e8:c4,-84.0,100,80,5GHz,[WPA2-PSK+PSK-SHA256-CCMP-256+CCMP-128][RSN-PSK+PSK-SHA256-CCMP-256+CCMP-128][ESS][WPA2 Personal]
Ground,21,Plainsboro-Public-Library,e6:55:b8:2d:e8:c4,-86.0,100,80,5GHz,[ESS][Unknown]
Ground,22,Plainsboro-Public-Library,8a:15:04:53:49:40,-45.0,6,20,2.4GHz,[ESS][Unknown]
Ground,22,[Hidden],8a:15:04:53:3c:3f,-46.0,11,20,2.4GHz,[WEP][ESS][WEP]
Ground,22,Plainsboro-Public-Library,8a:15:04:53:3c:30,-46.0,11,20,2.4GHz,[ESS][Unknown]
Ground,22,Plainsboro-Public-Library,8a:15:04:51:e6:20,-49.0,1,20,2.4GHz,[ESS][Unknown]
Ground,22,Plainsboro-Public-Library,8a:15:04:52:23:c0,-49.0,6,20,2.4GHz,[ESS][Unknown]
Ground,22,Plainsboro-Public-Library,8a:15:04:53:33:90,-51.0,6,20,2.4GHz,[ESS][Unknown]
Ground,22,[Hidden],8a:15:04:53:49:4f,-51.0,6,20,2.4GHz,[WEP][ESS][WEP]
Ground,22,[Hidden],8a:15:04:53:49:7f,-51.0,6,20,2.4GHz,[WEP][ESS][WEP]
Ground,22,Plainsboro-Public-Library,8a:15:04:53:49:70,-52.0,6,20,2.4GHz,[ESS][Unknown]
Ground,22,[Hidden],8a:15:14:53:33:9f,-56.0,36,80,5GHz,[WEP][ESS][WEP]
Ground,22,Plainsboro-Public-Library,8a:15:14:51:e6:20,-58.0,149,20,5GHz,[ESS][Unknown]
Ground,22,Plainsboro-Public-Library,8a:15:14:53:33:90,-58.0,36,80,5GHz,[ESS][Unknown]
Ground,22,Plainsboro-Public-Library,8a:15:14:53:49:70,-61.0,157,40,5GHz,[ESS][Unknown]
Ground,22,Plainsboro-Public-Library,8a:15:14:52:23:c0,-62.0,153,20,5GHz,[ESS][Unknown]
Ground,22,Plainsboro-Public-Library,8a:15:14:53:3c:30,-63.0,108,80,5GHz,[ESS][Unknown]
Ground,22,US-CYL4667KK6,92:44:53:03:e0:80,-63.0,6,20,2.4GHz,[WPA2-PSK-CCMP-128][RSN-PSK-CCMP-128][ESS][WPA2 Personal]
Ground,22,[Hidden],8a:15:14:53:3c:3f,-66.0,108,80,5GHz,[WEP][ESS][WEP]
Ground,22,[Hidden],8a:15:14:53:49:4f,-66.0,48,80,5GHz,[WEP][ESS][WEP]
Ground,22,Plainsboro-Public-Library,8a:15:14:53:49:40,-67.0,48,80,5GHz,[ESS][Unknown]
Ground,22,Plainsboro-Public-Library,e2:55:7d:bc:13:60,-67.0,6,20,2.4GHz,[ESS][Unknown]
Ground,22,Plainsboro-Public-Library,8a:15:04:53:3b:10,-68.0,6,20,2.4GHz,[ESS][Unknown]
Ground,22,CP1300-938B59,f8:a2:6d:93:8b:59,-76.0,2,20,2.4GHz,[ESS][Unknown]
Ground,22,Plainsboro-Public-Library,8a:15:14:53:3b:10,-76.0,153,80,5GHz,[ESS][Unknown]
Ground,22,Plainsboro-Public-Library,e2:55:6d:bc:13:60,-80.0,108,80,5GHz,[ESS][Unknown]
Ground,22,Devirajathi's S25 Ultra,36:61:bf:fc:5d:9d,-84.0,11,20,2.4GHz,[WPA2-PSK-CCMP-128][RSN-PSK-CCMP-128][ESS][WPA2 Personal]
Ground,22,Plainsboro-Public-Library,e6:55:b8:2d:e8:c4,-85.0,100,80,5GHz,[ESS][Unknown]
Ground,23,Plainsboro-Public-Library,8a:15:04:53:3c:30,-44.0,11,20,2.4GHz,[ESS][Unknown]
Ground,23,[Hidden],8a:15:04:53:3c:3f,-45.0,11,20,2.4GHz,[WEP][ESS][WEP]
Ground,23,Plainsboro-Public-Library,8a:15:14:53:49:70,-47.0,157,40,5GHz,[ESS][Unknown]
Ground,23,Plainsboro-Public-Library,8a:15:04:53:49:40,-48.0,6,20,2.4GHz,[ESS][Unknown]
Ground,23,[Hidden],8a:15:04:51:e6:2f,-51.0,1,20,2.4GHz,[WEP][ESS][WEP]
Ground,23,[Hidden],8a:15:04:53:49:7f,-51.0,6,20,2.4GHz,[WEP][ESS][WEP]
Ground,23,Plainsboro-Public-Library,8a:15:04:51:e6:20,-51.0,1,20,2.4GHz,[ESS][Unknown]
Ground,23,Plainsboro-Public-Library,8a:15:04:53:49:70,-51.0,6,20,2.4GHz,[ESS][Unknown]
Ground,23,Plainsboro-Public-Library,8a:15:14:53:3c:30,-54.0,108,80,5GHz,[ESS][Unknown]
Ground,23,[Hidden],8a:15:14:53:3c:3f,-54.0,108,80,5GHz,[WEP][ESS][WEP]
Ground,23,Plainsboro-Public-Library,8a:15:04:52:23:c0,-56.0,6,20,2.4GHz,[ESS][Unknown]
Ground,23,[Hidden],8a:15:04:52:23:cf,-56.0,6,20,2.4GHz,[WEP][ESS][WEP]
Ground,23,Plainsboro-Public-Library,8a:15:14:52:23:c0,-58.0,153,20,5GHz,[ESS][Unknown]
Ground,23,Plainsboro-Public-Library,8a:15:14:51:e6:20,-59.0,149,20,5GHz,[ESS][Unknown]
Ground,23,Plainsboro-Public-Library,8a:15:14:53:49:40,-62.0,48,80,5GHz,[ESS][Unknown]
Ground,23,[Hidden],8a:15:14:53:33:9f,-62.0,36,80,5GHz,[WEP][ESS][WEP]
Ground,23,Plainsboro-Public-Library,8a:15:14:53:33:90,-63.0,36,80,5GHz,[ESS][Unknown]
Ground,23,US-CYL4667KK6,92:44:53:03:e0:80,-66.0,6,20,2.4GHz,[WPA2-PSK-CCMP-128][RSN-PSK-CCMP-128][ESS][WPA2 Personal]
Ground,23,Plainsboro-Public-Library,e2:55:7d:bc:13:60,-68.0,6,20,2.4GHz,[ESS][Unknown]
Ground,23,CP1300-938B59,f8:a2:6d:93:8b:59,-75.0,2,20,2.4GHz,[ESS][Unknown]
Ground,23,Plainsboro-Public-Library,e2:55:6d:bc:13:60,-75.0,108,80,5GHz,[ESS][Unknown]
Ground,23,Plainsboro-Public-Library,8a:15:14:53:3b:10,-85.0,153,80,5GHz,[ESS][Unknown]
Ground,24,Plainsboro-Public-Library,8a:15:04:52:23:c0,-42.0,6,20,2.4GHz,[ESS][Unknown]
Ground,24,Plainsboro-Public-Library,8a:15:04:53:49:70,-44.0,6,20,2.4GHz,[ESS][Unknown]
Ground,24,Plainsboro-Public-Library,8a:15:04:53:33:90,-46.0,6,20,2.4GHz,[ESS][Unknown]
Ground,24,Plainsboro-Public-Library,8a:15:04:53:49:40,-49.0,6,20,2.4GHz,[ESS][Unknown]
Ground,24,[Hidden],8a:15:04:53:49:4f,-50.0,6,20,2.4GHz,[WEP][ESS][WEP]
Ground,24,Plainsboro-Public-Library,8a:15:14:53:49:70,-53.0,157,40,5GHz,[ESS][Unknown]
Ground,24,Plainsboro-Public-Library,8a:15:04:51:e6:20,-55.0,1,20,2.4GHz,[ESS][Unknown]
Ground,24,[Hidden],8a:15:14:52:23:cf,-55.0,153,20,5GHz,[WEP][ESS][WEP]
Ground,24,US-CYL4667KK6,92:44:53:03:e0:80,-55.0,6,20,2.4GHz,[WPA2-PSK-CCMP-128][RSN-PSK-CCMP-128][ESS][WPA2 Personal]
Ground,24,Plainsboro-Public-Library,8a:15:14:52:23:c0,-56.0,153,20,5GHz,[ESS][Unknown]
Ground,24,Plainsboro-Public-Library,8a:15:04:53:3c:30,-57.0,11,20,2.4GHz,[ESS][Unknown]
Ground,24,[Hidden],8a:15:14:51:e6:2f,-58.0,149,20,5GHz,[WEP][ESS][WEP]
Ground,24,Plainsboro-Public-Library,8a:15:14:53:33:90,-59.0,36,80,5GHz,[ESS][Unknown]
Ground,24,Plainsboro-Public-Library,8a:15:04:53:3b:10,-62.0,6,20,2.4GHz,[ESS][Unknown]
Ground,24,[Hidden],8a:15:14:53:49:4f,-62.0,48,80,5GHz,[WEP][ESS][WEP]
Ground,24,Plainsboro-Public-Library,8a:15:14:51:e6:20,-63.0,149,20,5GHz,[ESS][Unknown]
Ground,24,[Hidden],8a:15:14:53:3c:3f,-63.0,108,80,5GHz,[WEP][ESS][WEP]
Ground,24,Plainsboro-Public-Library,e2:55:7d:bc:13:60,-63.0,6,20,2.4GHz,[ESS][Unknown]
Ground,24,Plainsboro-Public-Library,8a:15:14:53:49:40,-65.0,48,80,5GHz,[ESS][Unknown]
Ground,24,Plainsboro-Public-Library,8a:15:14:53:3c:30,-65.0,108,80,5GHz,[ESS][Unknown]
Ground,24,Plainsboro-Public-Library,8a:15:14:53:3b:10,-74.0,153,80,5GHz,[ESS][Unknown]
Ground,24,[Hidden],8a:15:14:53:3b:1f,-75.0,153,80,5GHz,[WEP][ESS][WEP]
Ground,24,Plainsboro-Public-Library,e2:55:6d:bc:13:60,-79.0,108,80,5GHz,[ESS][Unknown]
Ground,24,[Hidden],72:13:01:85:38:4a,-84.0,1,20,2.4GHz,[WPA2-PSK-CCMP-128][RSN-PSK-CCMP-128][ESS][WPA2 Personal]
Ground,24,Plainsboro-Public-Library,e6:55:b8:2d:e8:c4,-85.0,100,80,5GHz,[ESS][Unknown]
Ground,24,[Hidden],da:55:b8:2d:e8:c4,-85.0,100,80,5GHz,[WPA2-PSK+PSK-SHA256-CCMP-256+CCMP-128][RSN-PSK+PSK-SHA256-CCMP-256+CCMP-128][ESS][WPA2 Personal]
Ground,24,Violet,72:13:01:85:38:49,-86.0,1,20,2.4GHz,[WPA2-PSK-CCMP-128][RSN-PSK+SAE-CCMP-128][ESS][WPS][MFPC][WPA2 Personal][WPA3 Personal]
Ground,25,Plainsboro-Public-Library,8a:15:04:53:49:70,-49.0,6,20,2.4GHz,[ESS][Unknown]
Ground,25,[Hidden],8a:15:04:53:49:7f,-50.0,6,20,2.4GHz,[WEP][ESS][WEP]
Ground,25,Plainsboro-Public-Library,8a:15:14:53:49:70,-50.0,157,40,5GHz,[ESS][Unknown]
Ground,25,Plainsboro-Public-Library,8a:15:04:53:33:90,-54.0,6,20,2.4GHz,[ESS][Unknown]
Ground,25,[Hidden],8a:15:04:53:49:4f,-55.0,6,20,2.4GHz,[WEP][ESS][WEP]
Ground,25,Plainsboro-Public-Library,8a:15:04:53:49:40,-55.0,6,20,2.4GHz,[ESS][Unknown]
Ground,25,Plainsboro-Public-Library,8a:15:04:53:3b:10,-63.0,6,20,2.4GHz,[ESS][Unknown]
Ground,25,Plainsboro-Public-Library,8a:15:04:52:23:c0,-63.0,6,20,2.4GHz,[ESS][Unknown]
Ground,25,[Hidden],8a:15:14:53:3c:3f,-67.0,108,80,5GHz,[WEP][ESS][WEP]
Ground,25,Plainsboro-Public-Library,8a:15:14:51:e6:20,-68.0,149,20,5GHz,[ESS][Unknown]
Ground,25,[Hidden],8a:15:14:53:49:4f,-68.0,48,80,5GHz,[WEP][ESS][WEP]
Ground,25,Plainsboro-Public-Library,8a:15:14:53:3b:10,-68.0,153,80,5GHz,[ESS][Unknown]
Ground,25,Plainsboro-Public-Library,8a:15:04:51:e6:20,-69.0,1,20,2.4GHz,[ESS][Unknown]
Ground,25,Plainsboro-Public-Library,8a:15:14:53:49:40,-69.0,48,80,5GHz,[ESS][Unknown]
Ground,25,Plainsboro-Public-Library,8a:15:14:53:3c:30,-70.0,108,80,5GHz,[ESS][Unknown]
Ground,25,Plainsboro-Public-Library,8a:15:14:53:33:90,-71.0,36,80,5GHz,[ESS][Unknown]
Ground,25,Plainsboro-Public-Library,8a:15:14:52:23:c0,-73.0,153,20,5GHz,[ESS][Unknown]
Ground,25,CP1300-938B59,f8:a2:6d:93:8b:59,-82.0,2,20,2.4GHz,[ESS][Unknown]
Ground,25,Plainsboro-Public-Library,e2:55:6d:bc:13:60,-85.0,108,80,5GHz,[ESS][Unknown]
Ground,26,[Hidden],8a:15:04:53:49:7f,-42.0,6,20,2.4GHz,[WEP][ESS][WEP]
Ground,26,[Hidden],8a:15:04:53:49:4f,-43.0,6,20,2.4GHz,[WEP][ESS][WEP]
Ground,26,Plainsboro-Public-Library,8a:15:04:53:49:70,-43.0,6,20,2.4GHz,[ESS][Unknown]
Ground,26,[Hidden],8a:15:14:53:49:7f,-44.0,157,40,5GHz,[WEP][ESS][WEP]
Ground,26,Plainsboro-Public-Library,8a:15:04:52:23:c0,-48.0,6,20,2.4GHz,[ESS][Unknown]
Ground,26,[Hidden],8a:15:04:52:23:cf,-48.0,6,20,2.4GHz,[WEP][ESS][WEP]
Ground,26,Plainsboro-Public-Library,8a:15:04:53:3c:30,-50.0,11,20,2.4GHz,[ESS][Unknown]
Ground,26,[Hidden],8a:15:14:52:23:cf,-52.0,153,20,5GHz,[WEP][ESS][WEP]
Ground,26,Plainsboro-Public-Library,8a:15:14:53:49:70,-52.0,157,40,5GHz,[ESS][Unknown]
Ground,26,Plainsboro-Public-Library,8a:15:04:53:49:40,-53.0,6,20,2.4GHz,[ESS][Unknown]
Ground,26,[Hidden],8a:15:04:53:33:9f,-53.0,6,20,2.4GHz,[WEP][ESS][WEP]
Ground,26,Plainsboro-Public-Library,8a:15:04:53:33:90,-54.0,6,20,2.4GHz,[ESS][Unknown]
Ground,26,[Hidden],8a:15:04:51:e6:2f,-56.0,1,20,2.4GHz,[WEP][ESS][WEP]
Ground,26,Plainsboro-Public-Library,8a:15:04:51:e6:20,-56.0,1,20,2.4GHz,[ESS][Unknown]
Ground,26,Plainsboro-Public-Library,8a:15:14:53:33:90,-60.0,36,80,5GHz,[ESS][Unknown]
Ground,26,[Hidden],8a:15:14:53:3c:3f,-60.0,108,80,5GHz,[WEP][ESS][WEP]
Ground,26,[Hidden],8a:15:14:53:49:4f,-60.0,48,80,5GHz,[WEP][ESS][WEP]
Ground,26,[Hidden],8a:15:04:53:3c:3f,-61.0,11,20,2.4GHz,[WEP][ESS][WEP]
Ground,26,Plainsboro-Public-Library,8a:15:14:53:3c:30,-61.0,108,80,5GHz,[ESS][Unknown]
Ground,26,[Hidden],8a:15:14:53:33:9f,-62.0,36,80,5GHz,[WEP][ESS][WEP]
Ground,26,Plainsboro-Public-Library,8a:15:14:53:49:40,-63.0,48,80,5GHz,[ESS][Unknown]
Ground,26,Plainsboro-Public-Library,8a:15:14:51:e6:20,-63.0,149,20,5GHz,[ESS][Unknown]
Ground,26,[Hidden],e2:55:7d:bc:13:6f,-64.0,6,20,2.4GHz,[WEP][ESS][WEP]
Ground,26,Plainsboro-Public-Library,e2:55:7d:bc:13:60,-66.0,6,20,2.4GHz,[ESS][Unknown]
Ground,26,Devirajathi's S25 Ultra,36:61:bf:fc:5d:9d,-69.0,11,20,2.4GHz,[WPA2-PSK-CCMP-128][RSN-PSK-CCMP-128][ESS][WPA2 Personal]
Ground,26,Plainsboro-Public-Library,8a:15:04:53:3b:10,-69.0,6,20,2.4GHz,[ESS][Unknown]
Ground,26,Plainsboro-Public-Library,8a:15:14:52:23:c0,-69.0,153,20,5GHz,[ESS][Unknown]
Ground,26,[Hidden],e2:55:6d:bc:13:6f,-70.0,108,80,5GHz,[WEP][ESS][WEP]
Ground,26,CP1300-938B59,f8:a2:6d:93:8b:59,-70.0,2,20,2.4GHz,[ESS][Unknown]
Ground,26,US-CYL4667KK6,92:44:53:03:e0:80,-70.0,6,20,2.4GHz,[WPA2-PSK-CCMP-128][RSN-PSK-CCMP-128][ESS][WPA2 Personal]
Ground,26,DIRECT-B1-HP PageWide Pro 477dw,4a:ba:4e:fb:f7:b1,-70.0,6,20,2.4GHz,[WPA2-PSK-CCMP-128][RSN-PSK-CCMP-128][ESS][WPS][WPA2 Personal]
Ground,26,Plainsboro-Public-Library,8a:15:14:53:3b:10,-70.0,153,80,5GHz,[ESS][Unknown]
Ground,26,Plainsboro-Public-Library,e2:55:6d:bc:13:60,-73.0,108,80,5GHz,[ESS][Unknown]
Ground,26,Plainsboro-Public-Library,8a:15:04:52:1c:80,-78.0,11,20,2.4GHz,[ESS][Unknown]
Ground,26,[Hidden],8a:15:04:52:1c:8f,-80.0,11,20,2.4GHz,[WEP][ESS][WEP]
Ground,26,Plainsboro-Public-Library,e4:55:a8:2d:e8:c4,-86.0,1,20,2.4GHz,[ESS][Unknown]
Ground,27,Devirajathi's S25 Ultra,36:61:bf:fc:5d:9d,-60.0,11,20,2.4GHz,[WPA2-PSK-CCMP-128][RSN-PSK-CCMP-128][ESS][WPA2 Personal]
Ground,27,Plainsboro-Public-Library,8a:15:04:53:49:70,-62.0,6,20,2.4GHz,[ESS][Unknown]
Ground,27,[Hidden],8a:15:04:53:49:4f,-63.0,6,20,2.4GHz,[WEP][ESS][WEP]
Ground,27,[Hidden],8a:15:04:53:49:7f,-63.0,6,20,2.4GHz,[WEP][ESS][WEP]
Ground,27,Plainsboro-Public-Library,8a:15:04:53:33:90,-64.0,6,20,2.4GHz,[ESS][Unknown]
Ground,27,Plainsboro-Public-Library,8a:15:04:53:49:40,-64.0,6,20,2.4GHz,[ESS][Unknown]
Ground,27,Plainsboro-Public-Library,8a:15:14:53:49:70,-66.0,157,40,5GHz,[ESS][Unknown]
Ground,27,Plainsboro-Public-Library,8a:15:04:53:3c:30,-73.0,11,20,2.4GHz,[ESS][Unknown]
Ground,27,Plainsboro-Public-Library,8a:15:14:53:3b:10,-73.0,153,80,5GHz,[ESS][Unknown]
Ground,27,TMOBILE-3500KJ,dc:8d:8a:8d:35:09,-74.0,11,20,2.4GHz,[WPA2-PSK-CCMP-128][RSN-PSK-CCMP-128][WPA-PSK-CCMP-128][ESS][WPA2 Personal][WPA Personal]
Ground,27,[Hidden],e2:55:7d:bc:13:6f,-75.0,6,20,2.4GHz,[WEP][ESS][WEP]
Ground,27,[Hidden],30:57:8e:b2:2c:c9,-77.0,1,20,2.4GHz,[ESS][Unknown]
Ground,27,Plainsboro-Public-Library,e2:55:7d:bc:13:60,-77.0,6,20,2.4GHz,[ESS][Unknown]
Ground,27,VeryHappyEero,30:57:8e:b2:2c:c6,-78.0,1,20,2.4GHz,[WPA2-PSK-CCMP-128][RSN-PSK-CCMP-128][ESS][WPA2 Personal]
Ground,27,[Hidden],8a:15:14:53:33:9f,-79.0,36,80,5GHz,[WEP][ESS][WEP]
Ground,27,Plainsboro-Public-Library,8a:15:14:53:33:90,-79.0,36,80,5GHz,[ESS][Unknown]
Ground,27,VeryHappyFamily Guest,30:57:8e:b2:2c:cf,-79.0,1,20,2.4GHz,[WPA2-PSK-CCMP-128][RSN-PSK-CCMP-128][ESS][WPA2 Personal]
Ground,27,Plainsboro-Public-Library,8a:15:14:53:49:40,-80.0,48,80,5GHz,[ESS][Unknown]
Ground,27,[Hidden],30:57:8e:b6:16:a3,-82.0,1,20,2.4GHz,[RSN-SAE-CCMP-128][MFPR][MFPC][WPA3 Personal]
Ground,27,Plainsboro-Public-Library,8a:15:14:51:e6:20,-83.0,149,20,5GHz,[ESS][Unknown]
Ground,27,[Hidden],8a:15:14:53:3c:3f,-83.0,108,80,5GHz,[WEP][ESS][WEP]
Ground,27,Plainsboro-Public-Library,8a:15:14:53:3c:30,-84.0,108,80,5GHz,[ESS][Unknown]
Ground,27,VeryHappyFunFamily,f4:0e:83:9b:a6:b4,-84.0,1,20,2.4GHz,[WPA2-PSK-CCMP-128][RSN-PSK-CCMP-128][ESS][WPS][WPA2 Personal]
Ground,27,Plainsboro-Public-Library,e2:55:6d:bc:13:60,-87.0,108,80,5GHz,[ESS][Unknown]
Ground,27,[Hidden],e2:55:6d:bc:13:6f,-87.0,108,80,5GHz,[WEP][ESS][WEP]
Ground,28,Plainsboro-Public-Library,8a:15:14:53:49:70,-43.0,157,40,5GHz,[ESS][Unknown]
Ground,28,[Hidden],8a:15:04:53:49:7f,-44.0,6,20,2.4GHz,[WEP][ESS][WEP]
Ground,28,Plainsboro-Public-Library,8a:15:04:53:49:70,-44.0,6,20,2.4GHz,[ESS][Unknown]
Ground,28,Plainsboro-Public-Library,8a:15:04:51:e6:20,-50.0,1,20,2.4GHz,[ESS][Unknown]
Ground,28,Plainsboro-Public-Library,8a:15:04:53:33:90,-51.0,6,20,2.4GHz,[ESS][Unknown]
Ground,28,Plainsboro-Public-Library,8a:15:04:52:23:c0,-52.0,6,20,2.4GHz,[ESS][Unknown]
Ground,28,Plainsboro-Public-Library,8a:15:04:53:49:40,-53.0,6,20,2.4GHz,[ESS][Unknown]
Ground,28,Plainsboro-Public-Library,8a:15:04:53:3c:30,-58.0,11,20,2.4GHz,[ESS][Unknown]
Ground,28,Plainsboro-Public-Library,8a:15:14:52:23:c0,-64.0,153,20,5GHz,[ESS][Unknown]
Ground,28,Plainsboro-Public-Library,8a:15:14:51:e6:20,-65.0,149,20,5GHz,[ESS][Unknown]
Ground,28,[Hidden],8a:15:14:53:3c:3f,-65.0,108,80,5GHz,[WEP][ESS][WEP]
Ground,28,[Hidden],8a:15:14:53:33:9f,-66.0,36,80,5GHz,[WEP][ESS][WEP]
Ground,28,Plainsboro-Public-Library,8a:15:14:53:49:40,-67.0,48,80,5GHz,[ESS][Unknown]
Ground,28,Devirajathi's S25 Ultra,36:61:bf:fc:5d:9d,-67.0,11,20,2.4GHz,[WPA2-PSK-CCMP-128][RSN-PSK-CCMP-128][ESS][WPA2 Personal]
Ground,28,Plainsboro-Public-Library,8a:15:14:53:33:90,-68.0,36,80,5GHz,[ESS][Unknown]
Ground,28,Plainsboro-Public-Library,8a:15:14:53:3c:30,-69.0,108,80,5GHz,[ESS][Unknown]
Ground,28,Plainsboro-Public-Library,e2:55:7d:bc:13:60,-71.0,6,20,2.4GHz,[ESS][Unknown]
Ground,28,US-CYL4667KK6,92:44:53:03:e0:80,-74.0,6,20,2.4GHz,[WPA2-PSK-CCMP-128][RSN-PSK-CCMP-128][ESS][WPA2 Personal]
Ground,28,CP1300-938B59,f8:a2:6d:93:8b:59,-76.0,2,20,2.4GHz,[ESS][Unknown]
Ground,28,Plainsboro-Public-Library,e2:55:6d:bc:13:60,-80.0,108,80,5GHz,[ESS][Unknown]
Ground,28,[Hidden],e2:55:6d:bc:13:6f,-83.0,108,80,5GHz,[WEP][ESS][WEP]
Ground,28,Plainsboro-Public-Library,8a:15:14:53:3b:10,-85.0,153,80,5GHz,[ESS][Unknown]
Ground,28,[Hidden],da:55:b8:2d:e8:c4,-85.0,100,80,5GHz,[WPA2-PSK+PSK-SHA256-CCMP-256+CCMP-128][RSN-PSK+PSK-SHA256-CCMP-256+CCMP-128][ESS][WPA2 Personal]
Ground,28,DIRECT-B1-HP PageWide Pro 477dw,4a:ba:4e:fb:f7:b1,-90.0,6,20,2.4GHz,[WPA2-PSK-CCMP-128][RSN-PSK-CCMP-128][ESS][WPS][WPA2 Personal]
Ground,29,Plainsboro-Public-Library,8a:15:04:53:49:70,-40.0,6,20,2.4GHz,[ESS][Unknown]
Ground,29,[Hidden],8a:15:04:53:49:7f,-41.0,6,20,2.4GHz,[WEP][ESS][WEP]
Ground,29,Plainsboro-Public-Library,8a:15:14:53:49:70,-42.0,157,40,5GHz,[ESS][Unknown]
Ground,29,Plainsboro-Public-Library,8a:15:04:53:49:40,-49.0,6,20,2.4GHz,[ESS][Unknown]
Ground,29,Plainsboro-Public-Library,8a:15:14:53:49:40,-57.0,48,80,5GHz,[ESS][Unknown]
Ground,29,[Hidden],8a:15:04:53:3c:3f,-59.0,11,20,2.4GHz,[WEP][ESS][WEP]
Ground,29,Plainsboro-Public-Library,8a:15:04:53:3c:30,-60.0,11,20,2.4GHz,[ESS][Unknown]
Ground,29,Plainsboro-Public-Library,8a:15:04:52:23:c0,-60.0,6,20,2.4GHz,[ESS][Unknown]
Ground,29,[Hidden],8a:15:04:51:e6:2f,-62.0,1,20,2.4GHz,[WEP][ESS][WEP]
Ground,29,Plainsboro-Public-Library,8a:15:04:51:e6:20,-62.0,1,20,2.4GHz,[ESS][Unknown]
Ground,29,Plainsboro-Public-Library,8a:15:04:53:33:90,-63.0,6,20,2.4GHz,[ESS][Unknown]
Ground,29,Plainsboro-Public-Library,e4:55:a8:2d:e8:c4,-68.0,1,20,2.4GHz,[ESS][Unknown]
Ground,29,Plainsboro-Public-Library,8a:15:14:51:e6:20,-69.0,149,20,5GHz,[ESS][Unknown]
Ground,29,[Hidden],8a:15:14:53:3c:3f,-69.0,108,80,5GHz,[WEP][ESS][WEP]
Ground,29,Plainsboro-Public-Library,8a:15:14:53:3c:30,-70.0,108,80,5GHz,[ESS][Unknown]
Ground,29,[Hidden],8a:15:14:53:33:9f,-74.0,36,80,5GHz,[WEP][ESS][WEP]
Ground,29,Plainsboro-Public-Library,8a:15:14:53:33:90,-74.0,36,80,5GHz,[ESS][Unknown]
Ground,29,Plainsboro-Public-Library,8a:15:14:52:23:c0,-74.0,153,20,5GHz,[ESS][Unknown]
Ground,29,CP1300-938B59,f8:a2:6d:93:8b:59,-76.0,2,20,2.4GHz,[ESS][Unknown]
Ground,29,Plainsboro-Public-Library,e2:55:7d:bc:13:60,-76.0,6,20,2.4GHz,[ESS][Unknown]
Ground,29,DIRECT-C4-HP Color LJ 4301,26:6a:0e:58:e7:c4,-77.0,6,20,2.4GHz,[WPA2-PSK-CCMP-128][RSN-PSK-CCMP-128][ESS][WPS][WPA2 Personal]
Ground,29,Plainsboro-Public-Library,e6:55:b8:2d:e8:c4,-78.0,100,80,5GHz,[ESS][Unknown]
Ground,29,[Hidden],da:55:b8:2d:e8:c4,-80.0,100,80,5GHz,[WPA2-PSK+PSK-SHA256-CCMP-256+CCMP-128][RSN-PSK+PSK-SHA256-CCMP-256+CCMP-128][ESS][WPA2 Personal]
Ground,29,US-CYL4667KK6,92:44:53:03:e0:80,-82.0,6,20,2.4GHz,[WPA2-PSK-CCMP-128][RSN-PSK-CCMP-128][ESS][WPA2 Personal]
Ground,29,DIRECT-B1-HP PageWide Pro 477dw,4a:ba:4e:fb:f7:b1,-84.0,6,20,2.4GHz,[WPA2-PSK-CCMP-128][RSN-PSK-CCMP-128][ESS][WPS][WPA2 Personal]
Ground,30,Violet,72:13:01:85:38:49,-62.0,1,20,2.4GHz,[WPA2-PSK-CCMP-128][RSN-PSK+SAE-CCMP-128][ESS][WPS][MFPC][WPA2 Personal][WPA3 Personal]
Ground,30,DIRECT-B1-HP PageWide Pro 477dw,4a:ba:4e:fb:f7:b1,-65.0,6,20,2.4GHz,[WPA2-PSK-CCMP-128][RSN-PSK-CCMP-128][ESS][WPS][WPA2 Personal]
Ground,30,Plainsboro-Public-Library,8a:15:04:53:49:70,-68.0,6,20,2.4GHz,[ESS][Unknown]
Ground,30,Plainsboro-Public-Library,8a:15:04:53:49:40,-74.0,6,20,2.4GHz,[ESS][Unknown]
Ground,30,iot,86:2a:a8:47:74:61,-78.0,6,40,2.4GHz,[WPA2-PSK-CCMP-128][RSN-PSK-CCMP-128][ESS][WPA2 Personal]
Ground,30,Violet,72:13:01:8c:38:4a,-78.0,44,80,5GHz,[WPA2-PSK-CCMP-128][RSN-PSK+SAE-CCMP-128][ESS][WPS][MFPC][WPA2 Personal][WPA3 Personal]
Ground,30,Violet 2G,80:2a:a8:47:74:61,-78.0,6,40,2.4GHz,[WPA2-PSK-CCMP-128][RSN-PSK+FT/PSK+SAE+FT/SAE-CCMP-128][ESS][MFPC][WPA2 Personal][WPA3 Personal]
Ground,30,iot,86:2a:a8:47:73:dd,-79.0,6,20,2.4GHz,[WPA2-PSK-CCMP-128][RSN-PSK-CCMP-128][ESS][WPA2 Personal]
Ground,30,xfinitywifi,72:13:01:8c:38:4c,-79.0,44,80,5GHz,[ESS][Unknown]
Ground,30,Violet 2G,80:2a:a8:47:73:dd,-79.0,6,20,2.4GHz,[WPA2-PSK-CCMP-128][RSN-PSK+FT/PSK+SAE+FT/SAE-CCMP-128][ESS][MFPC][WPA2 Personal][WPA3 Personal]
Ground,30,Violet,86:2a:a8:48:74:61,-81.0,153,80,5GHz,[WPA2-PSK-CCMP-128][RSN-PSK+FT/PSK+SAE+FT/SAE-CCMP-128][ESS][MFPC][WPA2 Personal][WPA3 Personal]
Ground,30,Violet 2G,80:2a:a8:8a:2b:df,-81.0,6,20,2.4GHz,[WPA2-PSK-CCMP-128][RSN-PSK+FT/PSK+SAE+FT/SAE-CCMP-128][ESS][MFPC][WPA2 Personal][WPA3 Personal]
Ground,30,Plainsboro-Public-Library,e4:55:a8:2d:e8:c4,-82.0,1,20,2.4GHz,[ESS][Unknown]
Ground,30,Violet,86:2a:a8:8b:2b:df,-82.0,44,80,5GHz,[WPA2-PSK-CCMP-128][RSN-PSK+FT/PSK+SAE+FT/SAE-CCMP-128][ESS][MFPC][WPA2 Personal][WPA3 Personal]
Ground,30,Xfinity Mobile,72:13:01:8c:38:4e,-83.0,44,80,5GHz,[WPA2-EAP/SHA1-CCMP-128][RSN-EAP/SHA1-CCMP-128][ESS][WPA2 Enterprise]
Ground,30,DanielHurley,fa:5e:42:4d:3c:28,-87.0,157,80,5GHz,[WPA2-PSK-CCMP-128][RSN-PSK-CCMP-128][ESS][WPS][WPA2 Personal]
Ground,30,[Hidden],8a:2a:a8:48:73:dd,-87.0,44,80,5GHz,[WPA2-PSK-CCMP-128][RSN-PSK-CCMP-128][ESS][WPA2 Personal]
Ground,30,xfinitywifi,82:da:c2:00:2b:10,-88.0,44,80,5GHz,[ESS][Unknown]
Ground,31,Plainsboro-Public-Library,8a:15:04:53:49:70,-39.0,6,20,2.4GHz,[ESS][Unknown]
Ground,31,Plainsboro-Public-Library,8a:15:04:53:49:40,-49.0,6,20,2.4GHz,[ESS][Unknown]
Ground,31,Plainsboro-Public-Library,8a:15:14:53:49:70,-50.0,157,40,5GHz,[ESS][Unknown]
Ground,31,Plainsboro-Public-Library,8a:15:04:53:3c:30,-62.0,11,20,2.4GHz,[ESS][Unknown]
Ground,31,Plainsboro-Public-Library,8a:15:14:53:49:40,-62.0,48,80,5GHz,[ESS][Unknown]
Ground,31,DIRECT-B1-HP PageWide Pro 477dw,4a:ba:4e:fb:f7:b1,-62.0,6,20,2.4GHz,[WPA2-PSK-CCMP-128][RSN-PSK-CCMP-128][ESS][WPS][WPA2 Personal]
Ground,31,Plainsboro-Public-Library,8a:15:04:53:33:90,-63.0,6,20,2.4GHz,[ESS][Unknown]
Ground,31,Plainsboro-Public-Library,8a:15:04:51:e6:20,-65.0,1,20,2.4GHz,[ESS][Unknown]
Ground,31,[Hidden],8a:15:14:53:49:4f,-65.0,48,80,5GHz,[WEP][ESS][WEP]
Ground,31,Plainsboro-Public-Library,8a:15:04:52:23:c0,-66.0,6,20,2.4GHz,[ESS][Unknown]
Ground,31,Plainsboro-Public-Library,8a:15:14:52:23:c0,-68.0,153,20,5GHz,[ESS][Unknown]
Ground,31,Violet,72:13:01:85:38:49,-71.0,1,20,2.4GHz,[WPA2-PSK-CCMP-128][RSN-PSK+SAE-CCMP-128][ESS][WPS][MFPC][WPA2 Personal][WPA3 Personal]
Ground,31,[Hidden],72:13:01:85:38:4e,-72.0,1,20,2.4GHz,[WPA2-EAP/SHA1-CCMP-128][RSN-EAP/SHA1-CCMP-128][ESS][WPA2 Enterprise]
Ground,31,[Hidden],72:13:01:85:38:4a,-72.0,1,20,2.4GHz,[WPA2-PSK-CCMP-128][RSN-PSK-CCMP-128][ESS][WPA2 Personal]
Ground,31,Plainsboro-Public-Library,e4:55:a8:2d:e8:c4,-74.0,1,20,2.4GHz,[ESS][Unknown]
Ground,31,xfinitywifi,72:13:01:8c:38:4c,-75.0,44,80,5GHz,[ESS][Unknown]
Ground,31,Violet,72:13:01:8c:38:4a,-75.0,44,80,5GHz,[WPA2-PSK-CCMP-128][RSN-PSK+SAE-CCMP-128][ESS][WPS][MFPC][WPA2 Personal][WPA3 Personal]
Ground,31,Plainsboro-Public-Library,8a:15:14:53:33:90,-76.0,36,80,5GHz,[ESS][Unknown]
Ground,31,Plainsboro-Public-Library,8a:15:14:51:e6:20,-77.0,149,20,5GHz,[ESS][Unknown]
Ground,31,DIRECT-C4-HP Color LJ 4301,26:6a:0e:58:e7:c4,-77.0,6,20,2.4GHz,[WPA2-PSK-CCMP-128][RSN-PSK-CCMP-128][ESS][WPS][WPA2 Personal]
Ground,31,[Hidden],8a:15:04:53:34:af,-77.0,6,20,2.4GHz,[WEP][ESS][WEP]
Ground,31,US-CYL4667KK6,92:44:53:03:e0:80,-77.0,6,20,2.4GHz,[WPA2-PSK-CCMP-128][RSN-PSK-CCMP-128][ESS][WPA2 Personal]
Ground,31,[Hidden],e2:55:7d:bc:13:6f,-77.0,6,20,2.4GHz,[WEP][ESS][WEP]
Ground,31,Plainsboro-Public-Library,8a:15:04:53:34:a0,-77.0,6,20,2.4GHz,[ESS][Unknown]
Ground,31,CP1300-938B59,f8:a2:6d:93:8b:59,-79.0,2,20,2.4GHz,[ESS][Unknown]
Ground,31,Plainsboro-Public-Library,e2:55:7d:bc:13:60,-79.0,6,20,2.4GHz,[ESS][Unknown]
Ground,31,Xfinity Mobile,72:13:01:8c:38:4e,-81.0,44,80,5GHz,[WPA2-EAP/SHA1-CCMP-128][RSN-EAP/SHA1-CCMP-128][ESS][WPA2 Enterprise]
Ground,31,iot,86:2a:a8:47:74:61,-82.0,6,40,2.4GHz,[WPA2-PSK-CCMP-128][RSN-PSK-CCMP-128][ESS][WPA2 Personal]
Ground,31,[Hidden],8a:2a:a8:47:74:61,-83.0,6,40,2.4GHz,[WPA2-PSK-CCMP-128][RSN-PSK-CCMP-128][ESS][WPA2 Personal]
Ground,31,[Hidden],9c:e6:35:8d:6b:2a,-88.0,157,20,5GHz,[RSN-?-None][ESS][Unknown]
Ground,31,[Hidden],8a:2a:a8:48:73:dd,-89.0,44,80,5GHz,[WPA2-PSK-CCMP-128][RSN-PSK-CCMP-128][ESS][WPA2 Personal]
Ground,31,Violet,86:2a:a8:48:73:dd,-89.0,44,80,5GHz,[WPA2-PSK-CCMP-128][RSN-PSK+FT/PSK+SAE+FT/SAE-CCMP-128][ESS][MFPC][WPA2 Personal][WPA3 Personal]
Ground,32,[Hidden],8a:15:04:53:49:7f,-40.0,6,20,2.4GHz,[WEP][ESS][WEP]
Ground,32,Plainsboro-Public-Library,8a:15:04:53:49:70,-41.0,6,20,2.4GHz,[ESS][Unknown]
Ground,32,Plainsboro-Public-Library,8a:15:14:53:49:70,-44.0,157,40,5GHz,[ESS][Unknown]
Ground,32,Plainsboro-Public-Library,8a:15:04:53:49:40,-47.0,6,20,2.4GHz,[ESS][Unknown]
Ground,32,Plainsboro-Public-Library,8a:15:04:53:33:90,-58.0,6,20,2.4GHz,[ESS][Unknown]
Ground,32,[Hidden],8a:15:14:53:49:4f,-59.0,48,80,5GHz,[WEP][ESS][WEP]
Ground,32,Plainsboro-Public-Library,8a:15:04:53:3c:30,-60.0,11,20,2.4GHz,[ESS][Unknown]
Ground,32,Plainsboro-Public-Library,8a:15:14:53:49:40,-60.0,48,80,5GHz,[ESS][Unknown]
Ground,32,Plainsboro-Public-Library,8a:15:04:52:23:c0,-62.0,6,20,2.4GHz,[ESS][Unknown]
Ground,32,Plainsboro-Public-Library,8a:15:04:51:e6:20,-63.0,1,20,2.4GHz,[ESS][Unknown]
Ground,32,Plainsboro-Public-Library,8a:15:14:53:3c:30,-66.0,108,80,5GHz,[ESS][Unknown]
Ground,32,[Hidden],8a:15:14:53:3c:3f,-66.0,108,80,5GHz,[WEP][ESS][WEP]
Ground,32,Plainsboro-Public-Library,8a:15:14:51:e6:20,-68.0,149,20,5GHz,[ESS][Unknown]
Ground,32,Plainsboro-Public-Library,e4:55:a8:2d:e8:c4,-68.0,1,20,2.4GHz,[ESS][Unknown]
Ground,32,Plainsboro-Public-Library,8a:15:14:52:23:c0,-68.0,153,20,5GHz,[ESS][Unknown]
Ground,32,Plainsboro-Public-Library,8a:15:14:53:33:90,-69.0,36,80,5GHz,[ESS][Unknown]
Ground,32,[Hidden],8a:15:14:53:33:9f,-70.0,36,80,5GHz,[WEP][ESS][WEP]
Ground,32,CP1300-938B59,f8:a2:6d:93:8b:59,-73.0,2,20,2.4GHz,[ESS][Unknown]
Ground,32,[Hidden],da:55:b8:2d:e8:c4,-75.0,100,80,5GHz,[WPA2-PSK+PSK-SHA256-CCMP-256+CCMP-128][RSN-PSK+PSK-SHA256-CCMP-256+CCMP-128][ESS][WPA2 Personal]
Ground,32,Plainsboro-Public-Library,e2:55:7d:bc:13:60,-77.0,6,20,2.4GHz,[ESS][Unknown]
Ground,32,Plainsboro-Public-Library,e6:55:b8:2d:e8:c4,-78.0,100,80,5GHz,[ESS][Unknown]
Ground,32,US-CYL4667KK6,92:44:53:03:e0:80,-79.0,6,20,2.4GHz,[WPA2-PSK-CCMP-128][RSN-PSK-CCMP-128][ESS][WPA2 Personal]
Ground,32,DIRECT-C4-HP Color LJ 4301,26:6a:0e:58:e7:c4,-80.0,6,20,2.4GHz,[WPA2-PSK-CCMP-128][RSN-PSK-CCMP-128][ESS][WPS][WPA2 Personal]
Ground,32,[Hidden],8a:15:04:53:3b:1f,-83.0,6,20,2.4GHz,[WEP][ESS][WEP]
Ground,32,Plainsboro-Public-Library,e2:55:6d:bc:13:60,-87.0,108,80,5GHz,[ESS][Unknown]
Ground,33,Plainsboro-Public-Library,8a:15:04:53:3b:10,-51.0,6,20,2.4GHz,[ESS][Unknown]
Ground,33,Plainsboro-Public-Library,8a:15:14:53:3b:10,-60.0,153,80,5GHz,[ESS][Unknown]
Ground,33,FamilyGlory,e6:bf:fa:81:f1:8a,-73.0,6,20,2.4GHz,[WPA2-PSK-CCMP-128][RSN-PSK-CCMP-128][ESS][WPS][WPA2 Personal]
Ground,33,TMOBILE-3500KJ,dc:8d:8a:8d:35:09,-73.0,11,20,2.4GHz,[WPA2-PSK-CCMP-128][RSN-PSK-CCMP-128][WPA-PSK-CCMP-128][ESS][WPA2 Personal][WPA Personal]
Ground,33,VeryHappyEero,30:57:8e:87:b1:26,-75.0,1,20,2.4GHz,[WPA2-PSK-CCMP-128][RSN-PSK-CCMP-128][ESS][WPA2 Personal]
Ground,33,Link,a0:04:60:c4:40:b3,-76.0,3,20,2.4GHz,[WPA2-PSK-CCMP-128][RSN-PSK-CCMP-128][ESS][WPS][WPA2 Personal]
Ground,33,DIRECT-roku-202-C9A0DC,12:59:32:cd:e9:0f,-76.0,1,20,2.4GHz,[WPA2-PSK-CCMP-128][RSN-PSK-CCMP-128][ESS][WPS][WPA2 Personal]
Ground,33,VeryHappyFamily Guest,30:57:8e:87:b1:2f,-78.0,1,20,2.4GHz,[WPA2-PSK-CCMP-128][RSN-PSK-CCMP-128][ESS][WPA2 Personal]
Ground,33,[Hidden],72:13:01:85:38:4a,-80.0,1,20,2.4GHz,[WPA2-PSK-CCMP-128][RSN-PSK-CCMP-128][ESS][WPA2 Personal]
Ground,33,TMOBILE-3500KJ,dc:8d:8a:8d:35:0a,-86.0,40,80,5GHz,[WPA2-PSK-CCMP-128][RSN-PSK-CCMP-128][WPA-PSK-CCMP-128][ESS][WPA2 Personal][WPA Personal]
Ground,33,TMOBILE-3500KJ,dc:8d:8a:8d:35:0b,-86.0,161,80,5GHz,[WPA2-PSK-CCMP-128][RSN-PSK-CCMP-128][WPA-PSK-CCMP-128][ESS][WPA2 Personal][WPA Personal]
Ground,33,[Hidden],8a:15:04:53:33:9f,-86.0,6,20,2.4GHz,[WEP][ESS][WEP]
Ground,34,[Hidden],8a:15:04:53:3b:1f,-45.0,6,20,2.4GHz,[WEP][ESS][WEP]
Ground,34,Plainsboro-Public-Library,8a:15:04:53:3b:10,-47.0,6,20,2.4GHz,[ESS][Unknown]
Ground,34,Plainsboro-Public-Library,8a:15:14:53:3b:10,-52.0,153,80,5GHz,[ESS][Unknown]
Ground,34,TMOBILE-3500KJ,dc:8d:8a:8d:35:09,-64.0,11,20,2.4GHz,[WPA2-PSK-CCMP-128][RSN-PSK-CCMP-128][WPA-PSK-CCMP-128][ESS][WPA2 Personal][WPA Personal]
Ground,34,FamilyGlory,e6:bf:fa:81:f1:8a,-76.0,6,20,2.4GHz,[WPA2-PSK-CCMP-128][RSN-PSK-CCMP-128][ESS][WPS][WPA2 Personal]
Ground,34,VeryHappyFamily Guest,30:57:8e:87:b1:2f,-76.0,1,20,2.4GHz,[WPA2-PSK-CCMP-128][RSN-PSK-CCMP-128][ESS][WPA2 Personal]
Ground,34,VeryHappyEero,30:57:8e:87:b1:26,-77.0,1,20,2.4GHz,[WPA2-PSK-CCMP-128][RSN-PSK-CCMP-128][ESS][WPA2 Personal]
Ground,34,[Hidden],30:57:8e:87:b1:23,-77.0,1,20,2.4GHz,[RSN-SAE-CCMP-128][MFPR][MFPC][WPA3 Personal]
Ground,34,VeryHappyFunFamily,f4:0e:83:9b:a6:b4,-78.0,1,20,2.4GHz,[WPA2-PSK-CCMP-128][RSN-PSK-CCMP-128][ESS][WPS][WPA2 Personal]
Ground,34,VeryHappyEero,30:57:8e:b2:2c:c6,-78.0,1,20,2.4GHz,[WPA2-PSK-CCMP-128][RSN-PSK-CCMP-128][ESS][WPA2 Personal]
Ground,34,VeryHappyFamily Guest,30:57:8e:b2:2c:cf,-78.0,1,20,2.4GHz,[WPA2-PSK-CCMP-128][RSN-PSK-CCMP-128][ESS][WPA2 Personal]
Ground,34,[Hidden],30:57:8e:87:b1:29,-79.0,1,20,2.4GHz,[ESS][Unknown]
Ground,34,[Hidden],8a:15:14:53:49:7f,-84.0,157,40,5GHz,[WEP][ESS][WEP]
Ground,34,VeryHappyFunFamily5G,f4:0e:83:9b:a6:b5,-86.0,149,80,5GHz,[WPA2-PSK-CCMP-128][RSN-PSK-CCMP-128][ESS][WPS][WPA2 Personal]
Ground,34,Plainsboro-Public-Library,e2:55:7d:bc:13:60,-86.0,6,20,2.4GHz,[ESS][Unknown]
Ground,34,Plainsboro-Public-Library,8a:15:14:53:49:70,-86.0,157,40,5GHz,[ESS][Unknown]
Ground,34,DIRECT-roku-202-C9A0DC,12:59:32:cd:e9:0f,-87.0,1,20,2.4GHz,[WPA2-PSK-CCMP-128][RSN-PSK-CCMP-128][ESS][WPS][WPA2 Personal]
Ground,35,Plainsboro-Public-Library,8a:15:04:53:3b:10,-38.0,6,20,2.4GHz,[ESS][Unknown]
Ground,35,Plainsboro-Public-Library,8a:15:14:53:3b:10,-51.0,153,80,5GHz,[ESS][Unknown]
Ground,35,[Hidden],8a:15:14:53:3b:1f,-52.0,153,80,5GHz,[WEP][ESS][WEP]
Ground,35,TMOBILE-3500KJ,dc:8d:8a:8d:35:09,-69.0,11,20,2.4GHz,[WPA2-PSK-CCMP-128][RSN-PSK-CCMP-128][WPA-PSK-CCMP-128][ESS][WPA2 Personal][WPA Personal]
Ground,35,Plainsboro-Public-Library,e2:55:7d:bc:13:60,-70.0,6,20,2.4GHz,[ESS][Unknown]
Ground,35,[Hidden],e2:55:7d:bc:13:6f,-70.0,6,20,2.4GHz,[WEP][ESS][WEP]
Ground,35,VeryHappyFunFamily,f4:0e:83:9b:a6:b4,-74.0,1,20,2.4GHz,[WPA2-PSK-CCMP-128][RSN-PSK-CCMP-128][ESS][WPS][WPA2 Personal]
Ground,35,[Hidden],8a:15:04:53:49:7f,-75.0,6,20,2.4GHz,[WEP][ESS][WEP]
Ground,35,Link,a0:04:60:c4:40:b3,-77.0,3,20,2.4GHz,[WPA2-PSK-CCMP-128][RSN-PSK-CCMP-128][ESS][WPS][WPA2 Personal]
Ground,35,VeryHappyFamily Guest,30:57:8e:b2:2c:cf,-78.0,1,20,2.4GHz,[WPA2-PSK-CCMP-128][RSN-PSK-CCMP-128][ESS][WPA2 Personal]
Ground,35,VeryHappyEero,30:57:8e:87:b1:26,-79.0,1,20,2.4GHz,[WPA2-PSK-CCMP-128][RSN-PSK-CCMP-128][ESS][WPA2 Personal]
Ground,35,[Hidden],30:57:8e:87:b1:29,-79.0,1,20,2.4GHz,[ESS][Unknown]
Ground,35,[Hidden],30:57:8e:87:b1:23,-81.0,1,20,2.4GHz,[RSN-SAE-CCMP-128][MFPR][MFPC][WPA3 Personal]
Ground,35,VeryHappyFamily Guest,30:57:8e:b6:16:af,-82.0,1,20,2.4GHz,[WPA2-PSK-CCMP-128][RSN-PSK-CCMP-128][ESS][WPA2 Personal]
Ground,35,VeryHappyFamily Guest,30:57:8e:87:b1:2f,-82.0,1,20,2.4GHz,[WPA2-PSK-CCMP-128][RSN-PSK-CCMP-128][ESS][WPA2 Personal]
Ground,35,[Hidden],30:57:8e:b6:16:a3,-84.0,1,20,2.4GHz,[RSN-SAE-CCMP-128][MFPR][MFPC][WPA3 Personal]
Ground,35,VeryHappyEero,30:57:8e:b6:16:a6,-84.0,1,20,2.4GHz,[WPA2-PSK-CCMP-128][RSN-PSK-CCMP-128][ESS][WPA2 Personal]
Ground,35,[Hidden],30:57:8e:b6:16:a9,-84.0,1,20,2.4GHz,[ESS][Unknown]
Ground,35,[Hidden],e2:55:6d:bc:13:6f,-84.0,108,80,5GHz,[WEP][ESS][WEP]
Ground,35,TMOBILE-3500KJ,dc:8d:8a:8d:35:0a,-86.0,40,80,5GHz,[WPA2-PSK-CCMP-128][RSN-PSK-CCMP-128][WPA-PSK-CCMP-128][ESS][WPA2 Personal][WPA Personal]
Ground,35,Plainsboro-Public-Library,e2:55:6d:bc:13:60,-87.0,108,80,5GHz,[ESS][Unknown]
Second,36,Plainsboro-Public-Library,8a:15:04:53:33:90,-49.0,6,20,2.4GHz,[ESS][Unknown]
Second,36,Plainsboro-Public-Library,8a:15:04:51:e6:20,-57.0,1,20,2.4GHz,[ESS][Unknown]
Second,36,Plainsboro-Public-Library,8a:15:14:53:33:90,-60.0,36,80,5GHz,[ESS][Unknown]
Second,36,[Hidden],8a:15:04:52:23:cf,-62.0,6,20,2.4GHz,[WEP][ESS][WEP]
Second,36,Plainsboro-Public-Library,8a:15:04:52:23:c0,-65.0,6,20,2.4GHz,[ESS][Unknown]
Second,36,[Hidden],8a:15:04:53:3c:3f,-66.0,11,20,2.4GHz,[WEP][ESS][WEP]
Second,36,Plainsboro-Public-Library,8a:15:04:53:3c:30,-66.0,11,20,2.4GHz,[ESS][Unknown]
Second,36,Plainsboro-Public-Library,8a:15:04:53:49:40,-66.0,6,20,2.4GHz,[ESS][Unknown]
Second,36,[Hidden],8a:15:14:52:23:cf,-67.0,153,20,5GHz,[WEP][ESS][WEP]
Second,36,Plainsboro-Public-Library,8a:15:14:51:e6:20,-68.0,149,20,5GHz,[ESS][Unknown]
Second,36,[Hidden],8a:15:14:51:e6:2f,-68.0,149,20,5GHz,[WEP][ESS][WEP]
Second,36,Plainsboro-Public-Library,8a:15:14:52:23:c0,-69.0,153,20,5GHz,[ESS][Unknown]
Second,36,CP1300-938B59,f8:a2:6d:93:8b:59,-70.0,2,20,2.4GHz,[ESS][Unknown]
Second,36,Plainsboro-Public-Library,8a:15:04:52:1c:80,-72.0,11,20,2.4GHz,[ESS][Unknown]
Second,36,[Hidden],8a:15:04:53:49:7f,-72.0,6,20,2.4GHz,[WEP][ESS][WEP]
Second,36,Plainsboro-Public-Library,8a:15:14:53:49:70,-73.0,157,40,5GHz,[ESS][Unknown]
Second,36,Plainsboro-Public-Library,8a:15:04:53:49:70,-73.0,6,20,2.4GHz,[ESS][Unknown]
Second,36,Plainsboro-Public-Library,8a:15:14:53:3c:30,-81.0,108,80,5GHz,[ESS][Unknown]
Second,36,[Hidden],8a:15:14:53:3c:3f,-81.0,108,80,5GHz,[WEP][ESS][WEP]
Second,36,Plainsboro-Public-Library,8a:15:14:53:49:40,-82.0,48,80,5GHz,[ESS][Unknown]
Second,36,Plainsboro-Public-Library,8a:15:14:52:1c:80,-83.0,149,80,5GHz,[ESS][Unknown]
Second,36,[Hidden],e2:55:6d:bc:13:6f,-85.0,108,80,5GHz,[WEP][ESS][WEP]
Second,36,[Hidden],8a:15:14:52:1c:8f,-86.0,149,80,5GHz,[WEP][ESS][WEP]
Second,36,Plainsboro-Public-Library,e2:55:6d:bc:13:60,-87.0,108,80,5GHz,[ESS][Unknown]
Second,37,Plainsboro-Public-Library,8a:15:04:51:e6:20,-41.0,1,20,2.4GHz,[ESS][Unknown]
Second,37,Plainsboro-Public-Library,8a:15:14:51:e6:20,-47.0,149,20,5GHz,[ESS][Unknown]
Second,37,Plainsboro-Public-Library,8a:15:04:53:33:90,-57.0,6,20,2.4GHz,[ESS][Unknown]
Second,37,Plainsboro-Public-Library,8a:15:04:52:23:c0,-60.0,6,20,2.4GHz,[ESS][Unknown]
Second,37,[Hidden],8a:15:04:52:23:cf,-60.0,6,20,2.4GHz,[WEP][ESS][WEP]
Second,37,[Hidden],8a:15:04:53:33:9f,-61.0,6,20,2.4GHz,[WEP][ESS][WEP]
Second,37,[Hidden],8a:15:04:53:3c:3f,-63.0,11,20,2.4GHz,[WEP][ESS][WEP]
Second,37,Plainsboro-Public-Library,8a:15:04:53:3c:30,-64.0,11,20,2.4GHz,[ESS][Unknown]
Second,37,Plainsboro-Public-Library,8a:15:04:53:49:70,-67.0,6,20,2.4GHz,[ESS][Unknown]
Second,37,Plainsboro-Public-Library,8a:15:14:53:33:90,-68.0,36,80,5GHz,[ESS][Unknown]
Second,37,[Hidden],8a:15:14:53:49:7f,-68.0,157,40,5GHz,[WEP][ESS][WEP]
Second,37,Plainsboro-Public-Library,8a:15:14:53:49:70,-68.0,157,40,5GHz,[ESS][Unknown]
Second,37,Plainsboro-Public-Library,8a:15:04:53:49:40,-68.0,6,20,2.4GHz,[ESS][Unknown]
Second,37,[Hidden],8a:15:14:53:33:9f,-68.0,36,80,5GHz,[WEP][ESS][WEP]
Second,37,[Hidden],8a:15:14:53:3c:3f,-70.0,108,80,5GHz,[WEP][ESS][WEP]
Second,37,Plainsboro-Public-Library,8a:15:14:53:3c:30,-72.0,108,80,5GHz,[ESS][Unknown]
Second,37,Link,a0:04:60:c4:40:b3,-72.0,3,20,2.4GHz,[WPA2-PSK-CCMP-128][RSN-PSK-CCMP-128][ESS][WPS][WPA2 Personal]
Second,37,Plainsboro-Public-Library,8a:15:14:52:23:c0,-73.0,153,20,5GHz,[ESS][Unknown]
Second,37,Plainsboro-Public-Library,e2:55:7d:bc:13:60,-76.0,6,20,2.4GHz,[ESS][Unknown]
Second,37,Plainsboro-Public-Library,8a:15:14:53:49:40,-81.0,48,80,5GHz,[ESS][Unknown]
Second,38,Plainsboro-Public-Library,8a:15:14:51:e6:20,-41.0,149,20,5GHz,[ESS][Unknown]
Second,38,Plainsboro-Public-Library,8a:15:04:51:e6:20,-42.0,1,20,2.4GHz,[ESS][Unknown]
Second,38,Plainsboro-Public-Library,8a:15:04:52:23:c0,-60.0,6,20,2.4GHz,[ESS][Unknown]
Second,38,[Hidden],8a:15:04:52:23:cf,-60.0,6,20,2.4GHz,[WEP][ESS][WEP]
Second,38,Plainsboro-Public-Library,8a:15:04:53:33:90,-64.0,6,20,2.4GHz,[ESS][Unknown]
Second,38,[Hidden],8a:15:04:53:33:9f,-64.0,6,20,2.4GHz,[WEP][ESS][WEP]
Second,38,[Hidden],8a:15:04:53:49:7f,-67.0,6,20,2.4GHz,[WEP][ESS][WEP]
Second,38,Plainsboro-Public-Library,8a:15:04:53:49:70,-67.0,6,20,2.4GHz,[ESS][Unknown]
Second,38,Plainsboro-Public-Library,8a:15:04:53:3c:30,-69.0,11,20,2.4GHz,[ESS][Unknown]
Second,38,Plainsboro-Public-Library,8a:15:04:53:49:40,-69.0,6,20,2.4GHz,[ESS][Unknown]
Second,38,Plainsboro-Public-Library,8a:15:14:53:33:90,-72.0,36,80,5GHz,[ESS][Unknown]
Second,38,[Hidden],8a:15:04:53:3c:3f,-72.0,11,20,2.4GHz,[WEP][ESS][WEP]
Second,38,[Hidden],8a:15:14:53:33:9f,-72.0,36,80,5GHz,[WEP][ESS][WEP]
Second,38,[Hidden],8a:15:14:53:3c:3f,-74.0,108,80,5GHz,[WEP][ESS][WEP]
Second,38,[Hidden],8a:15:14:53:49:7f,-74.0,157,40,5GHz,[WEP][ESS][WEP]
Second,38,Plainsboro-Public-Library,8a:15:14:53:3c:30,-75.0,108,80,5GHz,[ESS][Unknown]
Second,38,Plainsboro-Public-Library,8a:15:14:53:49:70,-76.0,157,40,5GHz,[ESS][Unknown]
Second,38,Plainsboro-Public-Library,8a:15:14:52:23:c0,-78.0,153,20,5GHz,[ESS][Unknown]
Second,38,Plainsboro-Public-Library,8a:15:14:53:49:40,-82.0,48,80,5GHz,[ESS][Unknown]
Second,38,Link,a0:04:60:c4:40:b3,-83.0,3,20,2.4GHz,[WPA2-PSK-CCMP-128][RSN-PSK-CCMP-128][ESS][WPS][WPA2 Personal]
Second,38,Plainsboro-Public-Library,e2:55:6d:bc:13:60,-87.0,108,80,5GHz,[ESS][Unknown]
Second,38,ASUS17,7c:10:c9:a4:fc:a0,-90.0,9,20,2.4GHz,[WPA2-PSK-CCMP-128][RSN-PSK-CCMP-128][ESS][WPA2 Personal]
Second,39,[Hidden],8a:15:04:51:e6:2f,-38.0,1,20,2.4GHz,[WEP][ESS][WEP]
Second,39,Plainsboro-Public-Library,8a:15:04:51:e6:20,-39.0,1,20,2.4GHz,[ESS][Unknown]
Second,39,Plainsboro-Public-Library,8a:15:14:51:e6:20,-41.0,149,20,5GHz,[ESS][Unknown]
Second,39,Plainsboro-Public-Library,8a:15:04:53:33:90,-58.0,6,20,2.4GHz,[ESS][Unknown]
Second,39,[Hidden],8a:15:04:53:33:9f,-58.0,6,20,2.4GHz,[WEP][ESS][WEP]
Second,39,Plainsboro-Public-Library,8a:15:04:53:49:70,-62.0,6,20,2.4GHz,[ESS][Unknown]
Second,39,[Hidden],8a:15:04:53:3c:3f,-65.0,11,20,2.4GHz,[WEP][ESS][WEP]
Second,39,Plainsboro-Public-Library,8a:15:04:53:3c:30,-65.0,11,20,2.4GHz,[ESS][Unknown]
Second,39,Plainsboro-Public-Library,8a:15:04:52:23:c0,-66.0,6,20,2.4GHz,[ESS][Unknown]
Second,39,[Hidden],8a:15:04:52:23:cf,-66.0,6,20,2.4GHz,[WEP][ESS][WEP]
Second,39,Plainsboro-Public-Library,8a:15:14:53:33:90,-69.0,36,80,5GHz,[ESS][Unknown]
Second,39,[Hidden],8a:15:14:53:33:9f,-69.0,36,80,5GHz,[WEP][ESS][WEP]
Second,39,Plainsboro-Public-Library,8a:15:14:53:3c:30,-70.0,108,80,5GHz,[ESS][Unknown]
Second,39,[Hidden],8a:15:14:53:49:7f,-70.0,157,40,5GHz,[WEP][ESS][WEP]
Second,39,Plainsboro-Public-Library,8a:15:04:53:49:40,-70.0,6,20,2.4GHz,[ESS][Unknown]
Second,39,Plainsboro-Public-Library,8a:15:14:53:49:70,-71.0,157,40,5GHz,[ESS][Unknown]
Second,39,[Hidden],8a:15:14:53:3c:3f,-72.0,108,80,5GHz,[WEP][ESS][WEP]
Second,39,Plainsboro-Public-Library,8a:15:14:52:23:c0,-76.0,153,20,5GHz,[ESS][Unknown]
Second,39,DIRECT-B1-HP PageWide Pro 477dw,4a:ba:4e:fb:f7:b1,-78.0,6,20,2.4GHz,[WPA2-PSK-CCMP-128][RSN-PSK-CCMP-128][ESS][WPS][WPA2 Personal]
Second,39,Plainsboro-Public-Library,8a:15:14:53:49:40,-82.0,48,80,5GHz,[ESS][Unknown]
Second,40,[Hidden],8a:15:04:51:e6:2f,-37.0,1,20,2.4GHz,[WEP][ESS][WEP]
Second,40,Plainsboro-Public-Library,8a:15:04:51:e6:20,-37.0,1,20,2.4GHz,[ESS][Unknown]
Second,40,Plainsboro-Public-Library,8a:15:14:51:e6:20,-38.0,149,20,5GHz,[ESS][Unknown]
Second,40,Plainsboro-Public-Library,8a:15:04:53:49:70,-52.0,6,20,2.4GHz,[ESS][Unknown]
Second,40,[Hidden],8a:15:04:52:23:cf,-56.0,6,20,2.4GHz,[WEP][ESS][WEP]
Second,40,[Hidden],8a:15:04:53:3c:3f,-57.0,11,20,2.4GHz,[WEP][ESS][WEP]
Second,40,Plainsboro-Public-Library,8a:15:04:53:3c:30,-57.0,11,20,2.4GHz,[ESS][Unknown]
Second,40,Plainsboro-Public-Library,8a:15:04:52:23:c0,-57.0,6,20,2.4GHz,[ESS][Unknown]
Second,40,[Hidden],8a:15:04:53:33:9f,-60.0,6,20,2.4GHz,[WEP][ESS][WEP]
Second,40,Plainsboro-Public-Library,8a:15:04:53:33:90,-61.0,6,20,2.4GHz,[ESS][Unknown]
Second,40,Plainsboro-Public-Library,8a:15:04:53:49:40,-61.0,6,20,2.4GHz,[ESS][Unknown]
Second,40,Plainsboro-Public-Library,8a:15:14:53:49:70,-63.0,157,40,5GHz,[ESS][Unknown]
Second,40,Plainsboro-Public-Library,8a:15:14:52:23:c0,-64.0,153,20,5GHz,[ESS][Unknown]
Second,40,[Hidden],8a:15:14:53:49:7f,-65.0,157,40,5GHz,[WEP][ESS][WEP]
Second,40,[Hidden],8a:15:14:53:33:9f,-66.0,36,80,5GHz,[WEP][ESS][WEP]
Second,40,Plainsboro-Public-Library,8a:15:14:53:33:90,-67.0,36,80,5GHz,[ESS][Unknown]
Second,40,Plainsboro-Public-Library,e2:55:7d:bc:13:60,-68.0,6,20,2.4GHz,[ESS][Unknown]
Second,40,[Hidden],8a:15:14:53:3c:3f,-69.0,108,80,5GHz,[WEP][ESS][WEP]
Second,40,Plainsboro-Public-Library,8a:15:14:53:3c:30,-70.0,108,80,5GHz,[ESS][Unknown]
Second,40,Plainsboro-Public-Library,8a:15:14:53:49:40,-74.0,48,80,5GHz,[ESS][Unknown]
Second,40,Plainsboro-Public-Library,e2:55:6d:bc:13:60,-75.0,108,80,5GHz,[ESS][Unknown]
Second,40,Link,a0:04:60:c4:40:b3,-76.0,3,20,2.4GHz,[WPA2-PSK-CCMP-128][RSN-PSK-CCMP-128][ESS][WPS][WPA2 Personal]
Second,40,CP1300-938B59,f8:a2:6d:93:8b:59,-78.0,2,20,2.4GHz,[ESS][Unknown]
Second,40,DIRECT-B1-HP PageWide Pro 477dw,4a:ba:4e:fb:f7:b1,-80.0,6,20,2.4GHz,[WPA2-PSK-CCMP-128][RSN-PSK-CCMP-128][ESS][WPS][WPA2 Personal]
Second,40,Verizon_44LJJS,78:67:0e:a4:12:bb,-81.0,11,40,2.4GHz,[WPA2-PSK-CCMP-128][RSN-PSK-CCMP-128][ESS][WPS][WPA2 Personal]
Second,40,ASUS17,7c:10:c9:a4:fc:a0,-90.0,9,20,2.4GHz,[WPA2-PSK-CCMP-128][RSN-PSK-CCMP-128][ESS][WPA2 Personal]
Second,41,Plainsboro-Public-Library,8a:15:04:51:e6:20,-41.0,1,20,2.4GHz,[ESS][Unknown]
Second,41,Plainsboro-Public-Library,8a:15:14:51:e6:20,-54.0,149,20,5GHz,[ESS][Unknown]
Second,41,[Hidden],8a:15:04:53:33:9f,-57.0,6,20,2.4GHz,[WEP][ESS][WEP]
Second,41,Plainsboro-Public-Library,8a:15:04:53:3c:30,-61.0,11,20,2.4GHz,[ESS][Unknown]
Second,41,[Hidden],8a:15:04:52:23:cf,-61.0,6,20,2.4GHz,[WEP][ESS][WEP]
Second,41,Plainsboro-Public-Library,8a:15:04:52:23:c0,-62.0,6,20,2.4GHz,[ESS][Unknown]
Second,41,[Hidden],8a:15:04:53:3c:3f,-63.0,11,20,2.4GHz,[WEP][ESS][WEP]
Second,41,Plainsboro-Public-Library,8a:15:04:53:49:70,-64.0,6,20,2.4GHz,[ESS][Unknown]
Second,41,Plainsboro-Public-Library,8a:15:04:53:33:90,-65.0,6,20,2.4GHz,[ESS][Unknown]
Second,41,Plainsboro-Public-Library,8a:15:14:53:33:90,-65.0,36,80,5GHz,[ESS][Unknown]
Second,41,[Hidden],8a:15:14:53:33:9f,-66.0,36,80,5GHz,[WEP][ESS][WEP]
Second,41,[Hidden],8a:15:04:53:49:7f,-69.0,6,20,2.4GHz,[WEP][ESS][WEP]
Second,41,[Hidden],8a:15:14:53:49:7f,-71.0,157,40,5GHz,[WEP][ESS][WEP]
Second,41,Plainsboro-Public-Library,8a:15:14:53:49:70,-71.0,157,40,5GHz,[ESS][Unknown]
Second,41,Plainsboro-Public-Library,8a:15:14:53:3c:30,-74.0,108,80,5GHz,[ESS][Unknown]
Second,41,Plainsboro-Public-Library,8a:15:04:53:49:40,-74.0,6,20,2.4GHz,[ESS][Unknown]
Second,41,[Hidden],8a:15:14:53:3c:3f,-76.0,108,80,5GHz,[WEP][ESS][WEP]
Second,41,Plainsboro-Public-Library,8a:15:14:52:23:c0,-76.0,153,20,5GHz,[ESS][Unknown]
Second,41,Verizon_44LJJS,78:67:0e:a4:12:bb,-79.0,11,40,2.4GHz,[WPA2-PSK-CCMP-128][RSN-PSK-CCMP-128][ESS][WPS][WPA2 Personal]
Second,41,Plainsboro-Public-Library,e2:55:7d:bc:13:60,-79.0,6,20,2.4GHz,[ESS][Unknown]
Second,41,Link,a0:04:60:c4:40:b3,-81.0,3,20,2.4GHz,[WPA2-PSK-CCMP-128][RSN-PSK-CCMP-128][ESS][WPS][WPA2 Personal]
Second,41,Plainsboro-Public-Library,8a:15:14:53:49:40,-86.0,48,80,5GHz,[ESS][Unknown]
Second,41,CP1300-938B59,f8:a2:6d:93:8b:59,-86.0,2,20,2.4GHz,[ESS][Unknown]
Second,41,ASUS17,38:d5:47:bd:b9:a1,-90.0,9,20,2.4GHz,[WPA2-PSK-CCMP-128][RSN-PSK-CCMP-128][ESS][WPA2 Personal]
Second,41,[Hidden],7e:67:0e:a4:12:bc,-90.0,48,80,5GHz,[WPA2-PSK-CCMP-128][RSN-PSK-CCMP-128][ESS][WPA2 Personal]
Second,41,Verizon_44LJJS,78:67:0e:a4:12:bc,-91.0,48,80,5GHz,[WPA2-PSK-CCMP-128][RSN-PSK-CCMP-128][ESS][WPS][WPA2 Personal]
Second,42,Plainsboro-Public-Library,8a:15:04:51:e6:20,-47.0,1,20,2.4GHz,[ESS][Unknown]
Second,42,Plainsboro-Public-Library,8a:15:04:53:33:90,-51.0,6,20,2.4GHz,[ESS][Unknown]
Second,42,[Hidden],8a:15:04:53:33:9f,-51.0,6,20,2.4GHz,[WEP][ESS][WEP]
Second,42,Plainsboro-Public-Library,8a:15:14:51:e6:20,-54.0,149,20,5GHz,[ESS][Unknown]
Second,42,[Hidden],8a:15:04:53:3c:3f,-55.0,11,20,2.4GHz,[WEP][ESS][WEP]
Second,42,[Hidden],8a:15:04:52:23:cf,-55.0,6,20,2.4GHz,[WEP][ESS][WEP]
Second,42,Plainsboro-Public-Library,8a:15:04:53:3c:30,-56.0,11,20,2.4GHz,[ESS][Unknown]
Second,42,Plainsboro-Public-Library,8a:15:04:52:23:c0,-56.0,6,20,2.4GHz,[ESS][Unknown]
Second,42,Plainsboro-Public-Library,8a:15:04:53:49:70,-58.0,6,20,2.4GHz,[ESS][Unknown]
Second,42,[Hidden],8a:15:14:53:49:7f,-61.0,157,40,5GHz,[WEP][ESS][WEP]
Second,42,Plainsboro-Public-Library,8a:15:14:52:23:c0,-64.0,153,20,5GHz,[ESS][Unknown]
Second,42,Plainsboro-Public-Library,8a:15:14:53:49:70,-64.0,157,40,5GHz,[ESS][Unknown]
Second,42,Plainsboro-Public-Library,8a:15:14:53:33:90,-66.0,36,80,5GHz,[ESS][Unknown]
Second,42,[Hidden],8a:15:14:53:33:9f,-66.0,36,80,5GHz,[WEP][ESS][WEP]
Second,42,Plainsboro-Public-Library,8a:15:04:53:49:40,-68.0,6,20,2.4GHz,[ESS][Unknown]
Second,42,Plainsboro-Public-Library,8a:15:14:53:3c:30,-70.0,108,80,5GHz,[ESS][Unknown]
Second,42,[Hidden],8a:15:14:53:3c:3f,-70.0,108,80,5GHz,[WEP][ESS][WEP]
Second,42,Plainsboro-Public-Library,8a:15:14:53:49:40,-72.0,48,80,5GHz,[ESS][Unknown]
Second,42,Plainsboro-Public-Library,e2:55:7d:bc:13:60,-73.0,6,20,2.4GHz,[ESS][Unknown]
Second,42,Plainsboro-Public-Library,e2:55:6d:bc:13:60,-79.0,108,80,5GHz,[ESS][Unknown]
Second,42,Verizon_44LJJS,78:67:0e:a4:12:bb,-79.0,11,40,2.4GHz,[WPA2-PSK-CCMP-128][RSN-PSK-CCMP-128][ESS][WPS][WPA2 Personal]
Second,42,CP1300-938B59,f8:a2:6d:93:8b:59,-80.0,2,20,2.4GHz,[ESS][Unknown]
Second,43,Plainsboro-Public-Library,8a:15:04:53:33:90,-42.0,6,20,2.4GHz,[ESS][Unknown]
Second,43,[Hidden],8a:15:04:51:e6:2f,-47.0,1,20,2.4GHz,[WEP][ESS][WEP]
Second,43,[Hidden],8a:15:04:53:33:9f,-49.0,6,20,2.4GHz,[WEP][ESS][WEP]
Second,43,Plainsboro-Public-Library,8a:15:04:51:e6:20,-57.0,1,20,2.4GHz,[ESS][Unknown]
Second,43,Plainsboro-Public-Library,8a:15:04:52:23:c0,-60.0,6,20,2.4GHz,[ESS][Unknown]
Second,43,Plainsboro-Public-Library,8a:15:14:53:33:90,-62.0,36,80,5GHz,[ESS][Unknown]
Second,43,[Hidden],8a:15:14:53:33:9f,-64.0,36,80,5GHz,[WEP][ESS][WEP]
Second,43,Plainsboro-Public-Library,8a:15:04:53:49:70,-66.0,6,20,2.4GHz,[ESS][Unknown]
Second,43,Plainsboro-Public-Library,8a:15:14:51:e6:20,-66.0,149,20,5GHz,[ESS][Unknown]
Second,43,Plainsboro-Public-Library,8a:15:04:53:49:40,-66.0,6,20,2.4GHz,[ESS][Unknown]
Second,43,[Hidden],8a:15:04:53:49:4f,-67.0,6,20,2.4GHz,[WEP][ESS][WEP]
Second,43,[Hidden],8a:15:04:52:23:cf,-67.0,6,20,2.4GHz,[WEP][ESS][WEP]
Second,43,[Hidden],8a:15:14:52:23:cf,-68.0,153,20,5GHz,[WEP][ESS][WEP]
Second,43,Plainsboro-Public-Library,8a:15:14:52:23:c0,-68.0,153,20,5GHz,[ESS][Unknown]
Second,43,Plainsboro-Public-Library,8a:15:04:53:3c:30,-70.0,11,20,2.4GHz,[ESS][Unknown]
Second,43,[Hidden],8a:15:14:53:49:7f,-71.0,157,40,5GHz,[WEP][ESS][WEP]
Second,43,Plainsboro-Public-Library,8a:15:14:53:49:70,-74.0,157,40,5GHz,[ESS][Unknown]
Second,43,[Hidden],8a:15:14:53:3c:3f,-75.0,108,80,5GHz,[WEP][ESS][WEP]
Second,43,[Hidden],e2:55:7d:bc:13:6f,-75.0,6,20,2.4GHz,[WEP][ESS][WEP]
Second,43,Plainsboro-Public-Library,8a:15:04:52:1c:80,-76.0,11,20,2.4GHz,[ESS][Unknown]
Second,43,Plainsboro-Public-Library,8a:15:14:53:3c:30,-76.0,108,80,5GHz,[ESS][Unknown]
Second,43,[Hidden],8a:15:04:53:34:af,-77.0,6,20,2.4GHz,[WEP][ESS][WEP]
Second,43,Plainsboro-Public-Library,8a:15:14:53:49:40,-78.0,48,80,5GHz,[ESS][Unknown]
Second,43,[Hidden],8a:15:14:53:49:4f,-78.0,48,80,5GHz,[WEP][ESS][WEP]
Second,43,Plainsboro-Public-Library,e2:55:7d:bc:13:60,-78.0,6,20,2.4GHz,[ESS][Unknown]
Second,43,CP1300-938B59,f8:a2:6d:93:8b:59,-81.0,2,20,2.4GHz,[ESS][Unknown]
Second,43,Plainsboro-Public-Library,8a:15:04:53:34:a0,-83.0,6,20,2.4GHz,[ESS][Unknown]
Second,43,[Hidden],8a:15:14:52:1c:8f,-84.0,149,80,5GHz,[WEP][ESS][WEP]
Second,43,Plainsboro-Public-Library,8a:15:14:52:1c:80,-87.0,149,80,5GHz,[ESS][Unknown]
Second,44,Plainsboro-Public-Library,8a:15:04:53:33:90,-43.0,6,20,2.4GHz,[ESS][Unknown]
Second,44,Plainsboro-Public-Library,8a:15:14:53:33:90,-55.0,36,80,5GHz,[ESS][Unknown]
Second,44,Plainsboro-Public-Library,8a:15:04:52:23:c0,-56.0,6,20,2.4GHz,[ESS][Unknown]
Second,44,Plainsboro-Public-Library,8a:15:04:51:e6:20,-59.0,1,20,2.4GHz,[ESS][Unknown]
Second,44,Plainsboro-Public-Library,8a:15:04:53:49:70,-65.0,6,20,2.4GHz,[ESS][Unknown]
Second,44,Plainsboro-Public-Library,8a:15:04:53:3c:30,-67.0,11,20,2.4GHz,[ESS][Unknown]
Second,44,Plainsboro-Public-Library,8a:15:14:51:e6:20,-68.0,149,20,5GHz,[ESS][Unknown]
Second,44,[Hidden],8a:15:14:52:23:cf,-69.0,153,20,5GHz,[WEP][ESS][WEP]
Second,44,[Hidden],8a:15:14:53:3c:3f,-69.0,108,80,5GHz,[WEP][ESS][WEP]
Second,44,Plainsboro-Public-Library,e2:55:7d:bc:13:60,-69.0,6,20,2.4GHz,[ESS][Unknown]
Second,44,Plainsboro-Public-Library,8a:15:14:53:49:70,-69.0,157,40,5GHz,[ESS][Unknown]
Second,44,Plainsboro-Public-Library,8a:15:04:53:49:40,-69.0,6,20,2.4GHz,[ESS][Unknown]
Second,44,[Hidden],e2:55:7d:bc:13:6f,-69.0,6,20,2.4GHz,[WEP][ESS][WEP]
Second,44,Plainsboro-Public-Library,8a:15:14:53:3c:30,-70.0,108,80,5GHz,[ESS][Unknown]
Second,44,Plainsboro-Public-Library,8a:15:14:52:23:c0,-70.0,153,20,5GHz,[ESS][Unknown]
Second,44,Plainsboro-Public-Library,8a:15:04:52:1c:80,-77.0,11,20,2.4GHz,[ESS][Unknown]
Second,44,Plainsboro-Public-Library,e2:55:6d:bc:13:60,-77.0,108,80,5GHz,[ESS][Unknown]
Second,44,[Hidden],8a:15:14:53:49:4f,-79.0,48,80,5GHz,[WEP][ESS][WEP]
Second,44,Plainsboro-Public-Library,8a:15:14:53:49:40,-79.0,48,80,5GHz,[ESS][Unknown]
Second,44,CP1300-938B59,f8:a2:6d:93:8b:59,-82.0,2,20,2.4GHz,[ESS][Unknown]
Second,45,Plainsboro-Public-Library,8a:15:04:53:33:90,-39.0,6,20,2.4GHz,[ESS][Unknown]
Second,45,Plainsboro-Public-Library,8a:15:14:53:33:90,-44.0,36,80,5GHz,[ESS][Unknown]
Second,45,Plainsboro-Public-Library,8a:15:04:53:3c:30,-57.0,11,20,2.4GHz,[ESS][Unknown]
Second,45,Plainsboro-Public-Library,8a:15:04:51:e6:20,-57.0,1,20,2.4GHz,[ESS][Unknown]
Second,45,[Hidden],8a:15:04:53:49:7f,-58.0,6,20,2.4GHz,[WEP][ESS][WEP]
Second,45,Plainsboro-Public-Library,8a:15:04:53:49:70,-58.0,6,20,2.4GHz,[ESS][Unknown]
Second,45,Plainsboro-Public-Library,8a:15:04:52:23:c0,-59.0,6,20,2.4GHz,[ESS][Unknown]
Second,45,Plainsboro-Public-Library,8a:15:04:53:49:40,-59.0,6,20,2.4GHz,[ESS][Unknown]
Second,45,Plainsboro-Public-Library,8a:15:14:53:49:70,-60.0,157,40,5GHz,[ESS][Unknown]
Second,45,[Hidden],8a:15:14:52:23:cf,-64.0,153,20,5GHz,[WEP][ESS][WEP]
Second,45,Plainsboro-Public-Library,8a:15:14:52:23:c0,-64.0,153,20,5GHz,[ESS][Unknown]
Second,45,Plainsboro-Public-Library,8a:15:14:51:e6:20,-65.0,149,20,5GHz,[ESS][Unknown]
Second,45,Plainsboro-Public-Library,e2:55:7d:bc:13:60,-65.0,6,20,2.4GHz,[ESS][Unknown]
Second,45,[Hidden],e2:55:7d:bc:13:6f,-65.0,6,20,2.4GHz,[WEP][ESS][WEP]
Second,45,[Hidden],8a:15:14:53:49:4f,-69.0,48,80,5GHz,[WEP][ESS][WEP]
Second,45,[Hidden],8a:15:14:53:3c:3f,-70.0,108,80,5GHz,[WEP][ESS][WEP]
Second,45,Plainsboro-Public-Library,8a:15:14:53:49:40,-70.0,48,80,5GHz,[ESS][Unknown]
Second,45,Plainsboro-Public-Library,8a:15:14:53:3c:30,-72.0,108,80,5GHz,[ESS][Unknown]
Second,45,CP1300-938B59,f8:a2:6d:93:8b:59,-72.0,2,20,2.4GHz,[ESS][Unknown]
Second,45,Plainsboro-Public-Library,e2:55:6d:bc:13:60,-73.0,108,80,5GHz,[ESS][Unknown]
Second,45,[Hidden],e2:55:6d:bc:13:6f,-74.0,108,80,5GHz,[WEP][ESS][WEP]
Second,45,DIRECT-B1-HP PageWide Pro 477dw,4a:ba:4e:fb:f7:b1,-76.0,6,20,2.4GHz,[WPA2-PSK-CCMP-128][RSN-PSK-CCMP-128][ESS][WPS][WPA2 Personal]
Second,45,[Hidden],8a:15:04:53:34:af,-77.0,6,20,2.4GHz,[WEP][ESS][WEP]
Second,45,Plainsboro-Public-Library,8a:15:04:53:34:a0,-79.0,6,20,2.4GHz,[ESS][Unknown]
Second,46,Plainsboro-Public-Library,8a:15:04:53:33:90,-46.0,6,20,2.4GHz,[ESS][Unknown]
Second,46,Plainsboro-Public-Library,8a:15:04:52:23:c0,-52.0,6,20,2.4GHz,[ESS][Unknown]
Second,46,Plainsboro-Public-Library,8a:15:04:51:e6:20,-57.0,1,20,2.4GHz,[ESS][Unknown]
Second,46,Plainsboro-Public-Library,8a:15:14:53:33:90,-58.0,36,80,5GHz,[ESS][Unknown]
Second,46,[Hidden],8a:15:04:53:49:7f,-61.0,6,20,2.4GHz,[WEP][ESS][WEP]
Second,46,Plainsboro-Public-Library,8a:15:04:53:49:70,-62.0,6,20,2.4GHz,[ESS][Unknown]
Second,46,Plainsboro-Public-Library,8a:15:14:51:e6:20,-62.0,149,20,5GHz,[ESS][Unknown]
Second,46,Plainsboro-Public-Library,8a:15:04:53:3c:30,-66.0,11,20,2.4GHz,[ESS][Unknown]
Second,46,Plainsboro-Public-Library,8a:15:04:53:49:40,-67.0,6,20,2.4GHz,[ESS][Unknown]
Second,46,Plainsboro-Public-Library,8a:15:14:53:49:70,-68.0,157,40,5GHz,[ESS][Unknown]
Second,46,Plainsboro-Public-Library,e2:55:7d:bc:13:60,-69.0,6,20,2.4GHz,[ESS][Unknown]
Second,46,Plainsboro-Public-Library,8a:15:14:52:23:c0,-72.0,153,20,5GHz,[ESS][Unknown]
Second,46,[Hidden],8a:15:14:52:23:cf,-73.0,153,20,5GHz,[WEP][ESS][WEP]
Second,46,Plainsboro-Public-Library,8a:15:14:53:49:40,-75.0,48,80,5GHz,[ESS][Unknown]
Second,46,[Hidden],8a:15:14:53:49:4f,-76.0,48,80,5GHz,[WEP][ESS][WEP]
Second,46,Plainsboro-Public-Library,8a:15:04:52:1c:80,-78.0,11,20,2.4GHz,[ESS][Unknown]
Second,46,Plainsboro-Public-Library,8a:15:14:53:3c:30,-78.0,108,80,5GHz,[ESS][Unknown]
Second,46,[Hidden],8a:15:04:53:34:af,-78.0,6,20,2.4GHz,[WEP][ESS][WEP]
Second,46,[Hidden],8a:15:14:53:3c:3f,-79.0,108,80,5GHz,[WEP][ESS][WEP]
Second,46,Plainsboro-Public-Library,8a:15:04:53:34:a0,-79.0,6,20,2.4GHz,[ESS][Unknown]
Second,46,CP1300-938B59,f8:a2:6d:93:8b:59,-80.0,2,20,2.4GHz,[ESS][Unknown]
Second,46,Plainsboro-Public-Library,8a:15:14:52:1c:80,-82.0,149,80,5GHz,[ESS][Unknown]
Second,46,[Hidden],8a:15:14:52:1c:8f,-82.0,149,80,5GHz,[WEP][ESS][WEP]
Second,46,Plainsboro-Public-Library,e2:55:6d:bc:13:60,-83.0,108,80,5GHz,[ESS][Unknown]
Second,46,[Hidden],e2:55:6d:bc:13:6f,-83.0,108,80,5GHz,[WEP][ESS][WEP]
Second,47,Plainsboro-Public-Library,8a:15:04:53:33:90,-44.0,6,20,2.4GHz,[ESS][Unknown]
Second,47,Plainsboro-Public-Library,8a:15:14:53:33:90,-50.0,36,80,5GHz,[ESS][Unknown]
Second,47,Plainsboro-Public-Library,8a:15:04:52:23:c0,-61.0,6,20,2.4GHz,[ESS][Unknown]
Second,47,Plainsboro-Public-Library,8a:15:04:53:49:70,-62.0,6,20,2.4GHz,[ESS][Unknown]
Second,47,Plainsboro-Public-Library,8a:15:04:53:49:40,-64.0,6,20,2.4GHz,[ESS][Unknown]
Second,47,Plainsboro-Public-Library,8a:15:04:51:e6:20,-65.0,1,20,2.4GHz,[ESS][Unknown]
Second,47,[Hidden],8a:15:14:52:23:cf,-67.0,153,20,5GHz,[WEP][ESS][WEP]
Second,47,Plainsboro-Public-Library,8a:15:14:52:23:c0,-68.0,153,20,5GHz,[ESS][Unknown]
Second,47,Plainsboro-Public-Library,8a:15:14:51:e6:20,-70.0,149,20,5GHz,[ESS][Unknown]
Second,47,Plainsboro-Public-Library,8a:15:04:52:1c:80,-72.0,11,20,2.4GHz,[ESS][Unknown]
Second,47,Plainsboro-Public-Library,8a:15:14:53:49:70,-73.0,157,40,5GHz,[ESS][Unknown]
Second,47,[Hidden],e2:55:7d:bc:13:6f,-73.0,6,20,2.4GHz,[WEP][ESS][WEP]
Second,47,Plainsboro-Public-Library,e2:55:7d:bc:13:60,-74.0,6,20,2.4GHz,[ESS][Unknown]
Second,47,[Hidden],8a:15:14:53:49:4f,-76.0,48,80,5GHz,[WEP][ESS][WEP]
Second,47,Plainsboro-Public-Library,8a:15:14:53:49:40,-76.0,48,80,5GHz,[ESS][Unknown]
Second,47,[Hidden],8a:15:14:53:3c:3f,-77.0,108,80,5GHz,[WEP][ESS][WEP]
Second,47,DIRECT-B1-HP PageWide Pro 477dw,4a:ba:4e:fb:f7:b1,-78.0,6,20,2.4GHz,[WPA2-PSK-CCMP-128][RSN-PSK-CCMP-128][ESS][WPS][WPA2 Personal]
Second,47,Plainsboro-Public-Library,8a:15:14:53:3c:30,-79.0,108,80,5GHz,[ESS][Unknown]
Second,47,Plainsboro-Public-Library,8a:15:14:52:1c:80,-80.0,149,80,5GHz,[ESS][Unknown]
Second,47,[Hidden],8a:15:14:52:1c:8f,-80.0,149,80,5GHz,[WEP][ESS][WEP]
Second,47,Plainsboro-Public-Library,e2:55:6d:bc:13:60,-83.0,108,80,5GHz,[ESS][Unknown]
Second,47,[Hidden],e2:55:6d:bc:13:6f,-86.0,108,80,5GHz,[WEP][ESS][WEP]
Second,48,Plainsboro-Public-Library,8a:15:04:53:33:90,-34.0,6,20,2.4GHz,[ESS][Unknown]
Second,48,Plainsboro-Public-Library,8a:15:14:53:33:90,-41.0,36,80,5GHz,[ESS][Unknown]
Second,48,Plainsboro-Public-Library,8a:15:04:52:23:c0,-51.0,6,20,2.4GHz,[ESS][Unknown]
Second,48,Plainsboro-Public-Library,8a:15:04:51:e6:20,-61.0,1,20,2.4GHz,[ESS][Unknown]
Second,48,Plainsboro-Public-Library,8a:15:04:53:49:40,-64.0,6,20,2.4GHz,[ESS][Unknown]
Second,48,Plainsboro-Public-Library,8a:15:04:52:1c:80,-65.0,11,20,2.4GHz,[ESS][Unknown]
Second,48,Plainsboro-Public-Library,8a:15:14:52:23:c0,-68.0,153,20,5GHz,[ESS][Unknown]
Second,48,[Hidden],8a:15:14:52:23:cf,-70.0,153,20,5GHz,[WEP][ESS][WEP]
Second,48,Plainsboro-Public-Library,8a:15:14:52:1c:80,-70.0,149,80,5GHz,[ESS][Unknown]
Second,48,[Hidden],8a:15:14:52:1c:8f,-70.0,149,80,5GHz,[WEP][ESS][WEP]
Second,48,Plainsboro-Public-Library,8a:15:04:53:3c:30,-71.0,11,20,2.4GHz,[ESS][Unknown]
Second,48,Plainsboro-Public-Library,8a:15:04:53:49:70,-72.0,6,20,2.4GHz,[ESS][Unknown]
Second,48,Plainsboro-Public-Library,8a:15:14:53:49:70,-76.0,157,40,5GHz,[ESS][Unknown]
Second,48,Plainsboro-Public-Library,e2:55:7d:bc:13:60,-77.0,6,20,2.4GHz,[ESS][Unknown]
Second,48,[Hidden],8a:15:14:53:3c:3f,-80.0,108,80,5GHz,[WEP][ESS][WEP]
Second,48,[Hidden],e2:55:6d:bc:13:6f,-80.0,108,80,5GHz,[WEP][ESS][WEP]
Second,48,Plainsboro-Public-Library,8a:15:14:53:3c:30,-81.0,108,80,5GHz,[ESS][Unknown]
Second,48,Plainsboro-Public-Library,8a:15:14:53:49:40,-82.0,48,80,5GHz,[ESS][Unknown]
Second,48,DIRECT-B1-HP PageWide Pro 477dw,4a:ba:4e:fb:f7:b1,-82.0,6,20,2.4GHz,[WPA2-PSK-CCMP-128][RSN-PSK-CCMP-128][ESS][WPS][WPA2 Personal]
Second,48,[Hidden],8a:15:14:53:49:4f,-83.0,48,80,5GHz,[WEP][ESS][WEP]
Second,48,Plainsboro-Public-Library,e2:55:6d:bc:13:60,-85.0,108,80,5GHz,[ESS][Unknown]
Second,49,Plainsboro-Public-Library,8a:15:04:53:33:90,-36.0,6,20,2.4GHz,[ESS][Unknown]
Second,49,Plainsboro-Public-Library,8a:15:14:53:33:90,-47.0,36,80,5GHz,[ESS][Unknown]
Second,49,Plainsboro-Public-Library,8a:15:04:52:23:c0,-58.0,6,20,2.4GHz,[ESS][Unknown]
Second,49,Plainsboro-Public-Library,8a:15:04:53:49:70,-59.0,6,20,2.4GHz,[ESS][Unknown]
Second,49,[Hidden],8a:15:14:52:23:cf,-59.0,153,20,5GHz,[WEP][ESS][WEP]
Second,49,Plainsboro-Public-Library,8a:15:14:52:23:c0,-62.0,153,20,5GHz,[ESS][Unknown]
Second,49,Plainsboro-Public-Library,8a:15:14:53:49:70,-63.0,157,40,5GHz,[ESS][Unknown]
Second,49,Plainsboro-Public-Library,8a:15:04:53:49:40,-63.0,6,20,2.4GHz,[ESS][Unknown]
Second,49,Plainsboro-Public-Library,8a:15:04:53:3c:30,-64.0,11,20,2.4GHz,[ESS][Unknown]
Second,49,Plainsboro-Public-Library,8a:15:04:51:e6:20,-66.0,1,20,2.4GHz,[ESS][Unknown]
Second,49,Plainsboro-Public-Library,8a:15:14:51:e6:20,-70.0,149,20,5GHz,[ESS][Unknown]
Second,49,[Hidden],e2:55:7d:bc:13:6f,-70.0,6,20,2.4GHz,[WEP][ESS][WEP]
Second,49,Plainsboro-Public-Library,e2:55:7d:bc:13:60,-71.0,6,20,2.4GHz,[ESS][Unknown]
Second,49,[Hidden],8a:15:14:53:3c:3f,-72.0,108,80,5GHz,[WEP][ESS][WEP]
Second,49,CP1300-938B59,f8:a2:6d:93:8b:59,-73.0,2,20,2.4GHz,[ESS][Unknown]
Second,49,Plainsboro-Public-Library,8a:15:14:53:49:40,-74.0,48,80,5GHz,[ESS][Unknown]
Second,49,Plainsboro-Public-Library,8a:15:14:53:3c:30,-74.0,108,80,5GHz,[ESS][Unknown]
Second,49,Plainsboro-Public-Library,8a:15:04:52:1c:80,-76.0,11,20,2.4GHz,[ESS][Unknown]
Second,49,[Hidden],8a:15:14:53:49:4f,-76.0,48,80,5GHz,[WEP][ESS][WEP]
Second,49,Plainsboro-Public-Library,e2:55:6d:bc:13:60,-79.0,108,80,5GHz,[ESS][Unknown]
Second,49,[Hidden],8a:15:04:53:34:af,-80.0,6,20,2.4GHz,[WEP][ESS][WEP]
Second,49,[Hidden],8a:15:14:52:1c:8f,-81.0,149,80,5GHz,[WEP][ESS][WEP]
Second,49,Plainsboro-Public-Library,8a:15:14:52:1c:80,-82.0,149,80,5GHz,[ESS][Unknown]
Second,49,[Hidden],e2:55:6d:bc:13:6f,-84.0,108,80,5GHz,[WEP][ESS][WEP]
Second,49,[Hidden],da:55:b8:2d:e8:c4,-86.0,100,80,5GHz,[WPA2-PSK+PSK-SHA256-CCMP-256+CCMP-128][RSN-PSK+PSK-SHA256-CCMP-256+CCMP-128][ESS][WPA2 Personal]
Second,50,Plainsboro-Public-Library,8a:15:04:53:33:90,-39.0,6,20,2.4GHz,[ESS][Unknown]
Second,50,Plainsboro-Public-Library,8a:15:14:53:33:90,-52.0,36,80,5GHz,[ESS][Unknown]
Second,50,Plainsboro-Public-Library,8a:15:04:52:23:c0,-52.0,6,20,2.4GHz,[ESS][Unknown]
Second,50,Plainsboro-Public-Library,8a:15:04:53:49:40,-67.0,6,20,2.4GHz,[ESS][Unknown]
Second,50,[Hidden],8a:15:14:52:23:cf,-68.0,153,20,5GHz,[WEP][ESS][WEP]
Second,50,[Hidden],8a:15:04:53:49:7f,-68.0,6,20,2.4GHz,[WEP][ESS][WEP]
Second,50,Plainsboro-Public-Library,8a:15:04:53:49:70,-68.0,6,20,2.4GHz,[ESS][Unknown]
Second,50,Plainsboro-Public-Library,8a:15:14:52:23:c0,-69.0,153,20,5GHz,[ESS][Unknown]
Second,50,Plainsboro-Public-Library,8a:15:04:51:e6:20,-69.0,1,20,2.4GHz,[ESS][Unknown]
Second,50,Plainsboro-Public-Library,8a:15:04:53:3c:30,-70.0,11,20,2.4GHz,[ESS][Unknown]
Second,50,Plainsboro-Public-Library,8a:15:04:52:1c:80,-73.0,11,20,2.4GHz,[ESS][Unknown]
Second,50,Plainsboro-Public-Library,8a:15:14:51:e6:20,-73.0,149,20,5GHz,[ESS][Unknown]
Second,50,CP1300-938B59,f8:a2:6d:93:8b:59,-74.0,2,20,2.4GHz,[ESS][Unknown]
Second,50,[Hidden],8a:15:14:52:1c:8f,-74.0,149,80,5GHz,[WEP][ESS][WEP]
Second,50,Plainsboro-Public-Library,e2:55:7d:bc:13:60,-75.0,6,20,2.4GHz,[ESS][Unknown]
Second,50,[Hidden],e2:55:7d:bc:13:6f,-75.0,6,20,2.4GHz,[WEP][ESS][WEP]
Second,50,Plainsboro-Public-Library,8a:15:14:52:1c:80,-77.0,149,80,5GHz,[ESS][Unknown]
Second,50,Plainsboro-Public-Library,8a:15:14:53:49:70,-77.0,157,40,5GHz,[ESS][Unknown]
Second,50,Plainsboro-Public-Library,8a:15:14:53:3c:30,-81.0,108,80,5GHz,[ESS][Unknown]
Second,50,[Hidden],8a:15:14:53:3c:3f,-81.0,108,80,5GHz,[WEP][ESS][WEP]
Second,50,DIRECT-B1-HP PageWide Pro 477dw,4a:ba:4e:fb:f7:b1,-83.0,6,20,2.4GHz,[WPA2-PSK-CCMP-128][RSN-PSK-CCMP-128][ESS][WPS][WPA2 Personal]
Second,50,[Hidden],8a:15:14:53:49:4f,-84.0,48,80,5GHz,[WEP][ESS][WEP]
Second,50,Plainsboro-Public-Library,8a:15:14:53:49:40,-84.0,48,80,5GHz,[ESS][Unknown]
Second,51,Plainsboro-Public-Library,8a:15:04:53:33:90,-42.0,6,20,2.4GHz,[ESS][Unknown]
Second,51,Plainsboro-Public-Library,8a:15:14:53:33:90,-53.0,36,80,5GHz,[ESS][Unknown]
Second,51,Plainsboro-Public-Library,8a:15:04:52:1c:80,-62.0,11,20,2.4GHz,[ESS][Unknown]
Second,51,Plainsboro-Public-Library,8a:15:04:51:e6:20,-65.0,1,20,2.4GHz,[ESS][Unknown]
Second,51,Plainsboro-Public-Library,8a:15:14:52:23:c0,-70.0,153,20,5GHz,[ESS][Unknown]
Second,51,Plainsboro-Public-Library,8a:15:04:52:23:c0,-70.0,6,20,2.4GHz,[ESS][Unknown]
Second,51,[Hidden],8a:15:14:52:1c:8f,-71.0,149,80,5GHz,[WEP][ESS][WEP]
Second,51,Plainsboro-Public-Library,8a:15:14:52:1c:80,-72.0,149,80,5GHz,[ESS][Unknown]
Second,51,[Hidden],8a:15:14:52:23:cf,-73.0,153,20,5GHz,[WEP][ESS][WEP]
Second,51,Plainsboro-Public-Library,8a:15:14:51:e6:20,-73.0,149,20,5GHz,[ESS][Unknown]
Second,51,Plainsboro-Public-Library,8a:15:04:53:49:40,-73.0,6,20,2.4GHz,[ESS][Unknown]
Second,51,CP1300-938B59,f8:a2:6d:93:8b:59,-76.0,2,20,2.4GHz,[ESS][Unknown]
Second,51,Plainsboro-Public-Library,e2:55:7d:bc:13:60,-76.0,6,20,2.4GHz,[ESS][Unknown]
Second,51,Plainsboro-Public-Library,8a:15:14:53:49:70,-80.0,157,40,5GHz,[ESS][Unknown]
Second,51,[Hidden],8a:15:14:53:49:4f,-83.0,48,80,5GHz,[WEP][ESS][WEP]
Second,51,Plainsboro-Public-Library,8a:15:14:53:49:40,-83.0,48,80,5GHz,[ESS][Unknown]
Second,51,DIRECT-B1-HP PageWide Pro 477dw,4a:ba:4e:fb:f7:b1,-83.0,6,20,2.4GHz,[WPA2-PSK-CCMP-128][RSN-PSK-CCMP-128][ESS][WPS][WPA2 Personal]
Second,52,Plainsboro-Public-Library,8a:15:14:53:33:90,-62.0,36,80,5GHz,[ESS][Unknown]
Second,52,Plainsboro-Public-Library,8a:15:04:52:23:c0,-70.0,6,20,2.4GHz,[ESS][Unknown]
Second,52,[Hidden],8a:15:14:52:23:cf,-72.0,153,20,5GHz,[WEP][ESS][WEP]
Second,52,Plainsboro-Public-Library,8a:15:14:52:23:c0,-72.0,153,20,5GHz,[ESS][Unknown]
Second,52,Plainsboro-Public-Library,8a:15:04:53:49:40,-73.0,6,20,2.4GHz,[ESS][Unknown]
Second,52,Plainsboro-Public-Library,8a:15:04:52:1c:80,-76.0,11,20,2.4GHz,[ESS][Unknown]
Second,52,Plainsboro-Public-Library,8a:15:14:51:e6:20,-78.0,149,20,5GHz,[ESS][Unknown]
Second,52,CP1300-938B59,f8:a2:6d:93:8b:59,-81.0,2,20,2.4GHz,[ESS][Unknown]
Second,52,[Hidden],8a:15:04:53:49:7f,-81.0,6,20,2.4GHz,[WEP][ESS][WEP]
Second,52,Plainsboro-Public-Library,e2:55:7d:bc:13:60,-82.0,6,20,2.4GHz,[ESS][Unknown]
Second,52,Plainsboro-Public-Library,8a:15:14:53:49:70,-82.0,157,40,5GHz,[ESS][Unknown]
Second,52,[Hidden],e2:55:6d:bc:13:6f,-86.0,108,80,5GHz,[WEP][ESS][WEP]
Second,52,[Hidden],8a:15:14:53:3c:3f,-87.0,108,80,5GHz,[WEP][ESS][WEP]
Second,52,[Hidden],8a:15:14:53:49:4f,-89.0,48,80,5GHz,[WEP][ESS][WEP]
Second,52,Plainsboro-Public-Library,8a:15:14:53:49:40,-89.0,48,80,5GHz,[ESS][Unknown]
Second,53,Plainsboro-Public-Library,8a:15:04:53:33:90,-48.0,6,20,2.4GHz,[ESS][Unknown]
Second,53,Plainsboro-Public-Library,8a:15:04:52:23:c0,-53.0,6,20,2.4GHz,[ESS][Unknown]
Second,53,Plainsboro-Public-Library,8a:15:14:53:33:90,-61.0,36,80,5GHz,[ESS][Unknown]
Second,53,[Hidden],8a:15:04:53:49:7f,-64.0,6,20,2.4GHz,[WEP][ESS][WEP]
Second,53,Plainsboro-Public-Library,8a:15:04:53:49:70,-65.0,6,20,2.4GHz,[ESS][Unknown]
Second,53,[Hidden],8a:15:04:53:49:4f,-66.0,6,20,2.4GHz,[WEP][ESS][WEP]
Second,53,Plainsboro-Public-Library,8a:15:04:53:49:40,-66.0,6,20,2.4GHz,[ESS][Unknown]
Second,53,Plainsboro-Public-Library,e2:55:7d:bc:13:60,-69.0,6,20,2.4GHz,[ESS][Unknown]
Second,53,Plainsboro-Public-Library,8a:15:04:51:e6:20,-70.0,1,20,2.4GHz,[ESS][Unknown]
Second,53,[Hidden],e2:55:7d:bc:13:6f,-70.0,6,20,2.4GHz,[WEP][ESS][WEP]
Second,53,Plainsboro-Public-Library,8a:15:14:52:23:c0,-71.0,153,20,5GHz,[ESS][Unknown]
Second,53,[Hidden],8a:15:14:52:23:cf,-72.0,153,20,5GHz,[WEP][ESS][WEP]
Second,53,Plainsboro-Public-Library,8a:15:04:52:1c:80,-73.0,11,20,2.4GHz,[ESS][Unknown]
Second,53,Plainsboro-Public-Library,8a:15:14:53:3c:30,-73.0,108,80,5GHz,[ESS][Unknown]
Second,53,[Hidden],8a:15:14:53:3c:3f,-73.0,108,80,5GHz,[WEP][ESS][WEP]
Second,53,Plainsboro-Public-Library,8a:15:04:53:3c:30,-74.0,11,20,2.4GHz,[ESS][Unknown]
Second,53,[Hidden],e2:55:6d:bc:13:6f,-74.0,108,80,5GHz,[WEP][ESS][WEP]
Second,53,Plainsboro-Public-Library,e2:55:6d:bc:13:60,-76.0,108,80,5GHz,[ESS][Unknown]
Second,53,Plainsboro-Public-Library,8a:15:14:51:e6:20,-76.0,149,20,5GHz,[ESS][Unknown]
Second,53,Plainsboro-Public-Library,8a:15:14:53:49:70,-76.0,157,40,5GHz,[ESS][Unknown]
Second,53,DIRECT-B1-HP PageWide Pro 477dw,4a:ba:4e:fb:f7:b1,-77.0,6,20,2.4GHz,[WPA2-PSK-CCMP-128][RSN-PSK-CCMP-128][ESS][WPS][WPA2 Personal]
Second,53,[Hidden],8a:15:14:52:1c:8f,-82.0,149,80,5GHz,[WEP][ESS][WEP]
Second,53,Violet,72:13:01:85:38:49,-83.0,1,20,2.4GHz,[WPA2-PSK-CCMP-128][RSN-PSK+SAE-CCMP-128][ESS][WPS][MFPC][WPA2 Personal][WPA3 Personal]
Second,53,Plainsboro-Public-Library,8a:15:14:52:1c:80,-84.0,149,80,5GHz,[ESS][Unknown]
Second,53,CP1300-938B59,f8:a2:6d:93:8b:59,-84.0,2,20,2.4GHz,[ESS][Unknown]
Second,53,Plainsboro-Public-Library,8a:15:14:53:49:40,-86.0,48,80,5GHz,[ESS][Unknown]
Second,53,[Hidden],8a:15:14:53:49:4f,-86.0,48,80,5GHz,[WEP][ESS][WEP]
Second,54,Plainsboro-Public-Library,8a:15:04:53:33:90,-41.0,6,20,2.4GHz,[ESS][Unknown]
Second,54,Plainsboro-Public-Library,8a:15:04:52:23:c0,-46.0,6,20,2.4GHz,[ESS][Unknown]
Second,54,Plainsboro-Public-Library,8a:15:14:53:33:90,-50.0,36,80,5GHz,[ESS][Unknown]
Second,54,Plainsboro-Public-Library,8a:15:04:53:49:70,-57.0,6,20,2.4GHz,[ESS][Unknown]
Second,54,[Hidden],8a:15:04:53:49:7f,-58.0,6,20,2.4GHz,[WEP][ESS][WEP]
Second,54,Plainsboro-Public-Library,8a:15:14:52:23:c0,-58.0,153,20,5GHz,[ESS][Unknown]
Second,54,[Hidden],8a:15:14:52:23:cf,-59.0,153,20,5GHz,[WEP][ESS][WEP]
Second,54,CP1300-938B59,f8:a2:6d:93:8b:59,-60.0,2,20,2.4GHz,[ESS][Unknown]
Second,54,Plainsboro-Public-Library,8a:15:04:53:49:40,-62.0,6,20,2.4GHz,[ESS][Unknown]
Second,54,[Hidden],e2:55:7d:bc:13:6f,-64.0,6,20,2.4GHz,[WEP][ESS][WEP]
Second,54,Plainsboro-Public-Library,e2:55:7d:bc:13:60,-65.0,6,20,2.4GHz,[ESS][Unknown]
Second,54,Plainsboro-Public-Library,8a:15:14:51:e6:20,-66.0,149,20,5GHz,[ESS][Unknown]
Second,54,Plainsboro-Public-Library,8a:15:04:53:3c:30,-67.0,11,20,2.4GHz,[ESS][Unknown]
Second,54,Plainsboro-Public-Library,8a:15:04:51:e6:20,-67.0,1,20,2.4GHz,[ESS][Unknown]
Second,54,DIRECT-B1-HP PageWide Pro 477dw,4a:ba:4e:fb:f7:b1,-69.0,6,20,2.4GHz,[WPA2-PSK-CCMP-128][RSN-PSK-CCMP-128][ESS][WPS][WPA2 Personal]
Second,54,Plainsboro-Public-Library,8a:15:14:53:49:70,-71.0,157,40,5GHz,[ESS][Unknown]
Second,54,[Hidden],8a:15:14:53:49:4f,-72.0,48,80,5GHz,[WEP][ESS][WEP]
Second,54,Plainsboro-Public-Library,8a:15:14:53:49:40,-73.0,48,80,5GHz,[ESS][Unknown]
Second,54,Plainsboro-Public-Library,8a:15:14:53:3c:30,-74.0,108,80,5GHz,[ESS][Unknown]
Second,54,Plainsboro-Public-Library,8a:15:04:52:1c:80,-75.0,11,20,2.4GHz,[ESS][Unknown]
Second,54,[Hidden],8a:15:14:53:3c:3f,-75.0,108,80,5GHz,[WEP][ESS][WEP]
Second,54,Plainsboro-Public-Library,e2:55:6d:bc:13:60,-81.0,108,80,5GHz,[ESS][Unknown]
Second,54,[Hidden],e2:55:6d:bc:13:6f,-81.0,108,80,5GHz,[WEP][ESS][WEP]
Second,54,Plainsboro-Public-Library,e4:55:a8:2d:e8:c4,-83.0,1,20,2.4GHz,[ESS][Unknown]
Second,54,Plainsboro-Public-Library,8a:15:14:52:1c:80,-84.0,149,80,5GHz,[ESS][Unknown]
Second,54,Plainsboro-Public-Library,e6:55:b8:2d:e8:c4,-85.0,100,80,5GHz,[ESS][Unknown]
Second,54,[Hidden],da:55:b8:2d:e8:c4,-86.0,100,80,5GHz,[WPA2-PSK+PSK-SHA256-CCMP-256+CCMP-128][RSN-PSK+PSK-SHA256-CCMP-256+CCMP-128][ESS][WPA2 Personal]
Second,55,Plainsboro-Public-Library,8a:15:14:53:33:90,-50.0,36,80,5GHz,[ESS][Unknown]
Second,55,Plainsboro-Public-Library,8a:15:04:52:23:c0,-51.0,6,20,2.4GHz,[ESS][Unknown]
Second,55,Plainsboro-Public-Library,8a:15:04:51:e6:20,-57.0,1,20,2.4GHz,[ESS][Unknown]
Second,55,Plainsboro-Public-Library,8a:15:04:53:3c:30,-59.0,11,20,2.4GHz,[ESS][Unknown]
Second,55,[Hidden],8a:15:04:53:49:7f,-59.0,6,20,2.4GHz,[WEP][ESS][WEP]
Second,55,Plainsboro-Public-Library,8a:15:04:53:49:70,-61.0,6,20,2.4GHz,[ESS][Unknown]
Second,55,[Hidden],8a:15:14:52:23:cf,-61.0,153,20,5GHz,[WEP][ESS][WEP]
Second,55,Plainsboro-Public-Library,8a:15:14:53:49:70,-62.0,157,40,5GHz,[ESS][Unknown]
Second,55,Plainsboro-Public-Library,8a:15:14:52:23:c0,-63.0,153,20,5GHz,[ESS][Unknown]
Second,55,Plainsboro-Public-Library,8a:15:14:51:e6:20,-64.0,149,20,5GHz,[ESS][Unknown]
Second,55,Plainsboro-Public-Library,8a:15:04:53:49:40,-65.0,6,20,2.4GHz,[ESS][Unknown]
Second,55,[Hidden],e2:55:7d:bc:13:6f,-67.0,6,20,2.4GHz,[WEP][ESS][WEP]
Second,55,Plainsboro-Public-Library,8a:15:14:53:3c:30,-69.0,108,80,5GHz,[ESS][Unknown]
Second,55,[Hidden],8a:15:14:53:3c:3f,-69.0,108,80,5GHz,[WEP][ESS][WEP]
Second,55,CP1300-938B59,f8:a2:6d:93:8b:59,-70.0,2,20,2.4GHz,[ESS][Unknown]
Second,55,Plainsboro-Public-Library,e2:55:7d:bc:13:60,-70.0,6,20,2.4GHz,[ESS][Unknown]
Second,55,Plainsboro-Public-Library,8a:15:14:53:49:40,-75.0,48,80,5GHz,[ESS][Unknown]
Second,55,[Hidden],8a:15:14:53:49:4f,-75.0,48,80,5GHz,[WEP][ESS][WEP]
Second,55,Plainsboro-Public-Library,8a:15:04:52:1c:80,-76.0,11,20,2.4GHz,[ESS][Unknown]
Second,55,[Hidden],e2:55:6d:bc:13:6f,-77.0,108,80,5GHz,[WEP][ESS][WEP]
Second,55,DIRECT-B1-HP PageWide Pro 477dw,4a:ba:4e:fb:f7:b1,-77.0,6,20,2.4GHz,[WPA2-PSK-CCMP-128][RSN-PSK-CCMP-128][ESS][WPS][WPA2 Personal]
Second,55,Plainsboro-Public-Library,e2:55:6d:bc:13:60,-78.0,108,80,5GHz,[ESS][Unknown]
Second,55,Plainsboro-Public-Library,8a:15:14:52:1c:80,-82.0,149,80,5GHz,[ESS][Unknown]
Second,55,[Hidden],8a:15:14:52:1c:8f,-85.0,149,80,5GHz,[WEP][ESS][WEP]
Second,55,[Hidden],8a:15:04:53:34:af,-86.0,6,20,2.4GHz,[WEP][ESS][WEP]
Second,56,Plainsboro-Public-Library,8a:15:04:53:33:90,-34.0,6,20,2.4GHz,[ESS][Unknown]
Second,56,Plainsboro-Public-Library,8a:15:04:52:23:c0,-50.0,6,20,2.4GHz,[ESS][Unknown]
Second,56,Plainsboro-Public-Library,8a:15:14:53:33:90,-54.0,36,80,5GHz,[ESS][Unknown]
Second,56,Plainsboro-Public-Library,8a:15:04:53:3c:30,-55.0,11,20,2.4GHz,[ESS][Unknown]
Second,56,Plainsboro-Public-Library,8a:15:04:51:e6:20,-56.0,1,20,2.4GHz,[ESS][Unknown]
Second,56,[Hidden],8a:15:14:52:23:cf,-57.0,153,20,5GHz,[WEP][ESS][WEP]
Second,56,Plainsboro-Public-Library,8a:15:14:52:23:c0,-57.0,153,20,5GHz,[ESS][Unknown]
Second,56,Plainsboro-Public-Library,8a:15:04:53:49:40,-58.0,6,20,2.4GHz,[ESS][Unknown]
Second,56,Plainsboro-Public-Library,8a:15:14:51:e6:20,-61.0,149,20,5GHz,[ESS][Unknown]
Second,56,Plainsboro-Public-Library,e2:55:7d:bc:13:60,-61.0,6,20,2.4GHz,[ESS][Unknown]
Second,56,Plainsboro-Public-Library,8a:15:14:53:49:70,-61.0,157,40,5GHz,[ESS][Unknown]
Second,56,Plainsboro-Public-Library,8a:15:04:53:49:70,-61.0,6,20,2.4GHz,[ESS][Unknown]
Second,56,[Hidden],e2:55:7d:bc:13:6f,-61.0,6,20,2.4GHz,[WEP][ESS][WEP]
Second,56,DIRECT-B1-HP PageWide Pro 477dw,4a:ba:4e:fb:f7:b1,-69.0,6,20,2.4GHz,[WPA2-PSK-CCMP-128][RSN-PSK-CCMP-128][ESS][WPS][WPA2 Personal]
Second,56,[Hidden],8a:15:14:53:49:4f,-70.0,48,80,5GHz,[WEP][ESS][WEP]
Second,56,[Hidden],8a:15:14:53:3c:3f,-72.0,108,80,5GHz,[WEP][ESS][WEP]
Second,56,Plainsboro-Public-Library,8a:15:14:53:49:40,-72.0,48,80,5GHz,[ESS][Unknown]
Second,56,Plainsboro-Public-Library,8a:15:14:53:3c:30,-73.0,108,80,5GHz,[ESS][Unknown]
Second,56,CP1300-938B59,f8:a2:6d:93:8b:59,-75.0,2,20,2.4GHz,[ESS][Unknown]
Second,56,Plainsboro-Public-Library,e2:55:6d:bc:13:60,-76.0,108,80,5GHz,[ESS][Unknown]
Second,56,Plainsboro-Public-Library,e4:55:a8:2d:e8:c4,-80.0,1,20,2.4GHz,[ESS][Unknown]
Second,56,Plainsboro-Public-Library,e6:55:b8:2d:e8:c4,-81.0,100,80,5GHz,[ESS][Unknown]
Second,56,[Hidden],da:55:b8:2d:e8:c4,-81.0,100,80,5GHz,[WPA2-PSK+PSK-SHA256-CCMP-256+CCMP-128][RSN-PSK+PSK-SHA256-CCMP-256+CCMP-128][ESS][WPA2 Personal]
Second,56,[Hidden],8a:15:14:52:1c:8f,-90.0,149,80,5GHz,[WEP][ESS][WEP]
Second,57,Plainsboro-Public-Library,8a:15:04:52:23:c0,-39.0,6,20,2.4GHz,[ESS][Unknown]
Second,57,Plainsboro-Public-Library,8a:15:04:53:33:90,-44.0,6,20,2.4GHz,[ESS][Unknown]
Second,57,Plainsboro-Public-Library,8a:15:14:52:23:c0,-49.0,153,20,5GHz,[ESS][Unknown]
Second,57,[Hidden],8a:15:14:52:23:cf,-51.0,153,20,5GHz,[WEP][ESS][WEP]
Second,57,Plainsboro-Public-Library,8a:15:04:53:49:40,-57.0,6,20,2.4GHz,[ESS][Unknown]
Second,57,Plainsboro-Public-Library,8a:15:04:53:49:70,-58.0,6,20,2.4GHz,[ESS][Unknown]
Second,57,Plainsboro-Public-Library,e2:55:7d:bc:13:60,-58.0,6,20,2.4GHz,[ESS][Unknown]
Second,57,[Hidden],e2:55:7d:bc:13:6f,-58.0,6,20,2.4GHz,[WEP][ESS][WEP]
Second,57,[Hidden],8a:15:04:53:49:7f,-59.0,6,20,2.4GHz,[WEP][ESS][WEP]
Second,57,Plainsboro-Public-Library,8a:15:04:53:3c:30,-60.0,11,20,2.4GHz,[ESS][Unknown]
Second,57,Plainsboro-Public-Library,8a:15:04:51:e6:20,-60.0,1,20,2.4GHz,[ESS][Unknown]
Second,57,Plainsboro-Public-Library,8a:15:14:53:33:90,-61.0,36,80,5GHz,[ESS][Unknown]
Second,57,CP1300-938B59,f8:a2:6d:93:8b:59,-61.0,2,20,2.4GHz,[ESS][Unknown]
Second,57,Plainsboro-Public-Library,8a:15:14:53:49:70,-64.0,157,40,5GHz,[ESS][Unknown]
Second,57,Plainsboro-Public-Library,8a:15:14:51:e6:20,-68.0,149,20,5GHz,[ESS][Unknown]
Second,57,Plainsboro-Public-Library,8a:15:14:53:3c:30,-72.0,108,80,5GHz,[ESS][Unknown]
Second,57,[Hidden],8a:15:14:53:3c:3f,-72.0,108,80,5GHz,[WEP][ESS][WEP]
Second,57,Plainsboro-Public-Library,8a:15:14:53:49:40,-74.0,48,80,5GHz,[ESS][Unknown]
Second,57,[Hidden],8a:15:14:53:49:4f,-74.0,48,80,5GHz,[WEP][ESS][WEP]
Second,57,[Hidden],e2:55:6d:bc:13:6f,-79.0,108,80,5GHz,[WEP][ESS][WEP]
Second,57,Plainsboro-Public-Library,e4:55:a8:2d:e8:c4,-79.0,1,20,2.4GHz,[ESS][Unknown]
Second,57,Plainsboro-Public-Library,e2:55:6d:bc:13:60,-80.0,108,80,5GHz,[ESS][Unknown]
Second,57,[Hidden],da:55:b8:2d:e8:c4,-80.0,100,80,5GHz,[WPA2-PSK+PSK-SHA256-CCMP-256+CCMP-128][RSN-PSK+PSK-SHA256-CCMP-256+CCMP-128][ESS][WPA2 Personal]
Second,57,Plainsboro-Public-Library,e6:55:b8:2d:e8:c4,-82.0,100,80,5GHz,[ESS][Unknown]
Second,57,[Hidden],8a:15:14:52:1c:8f,-86.0,149,80,5GHz,[WEP][ESS][WEP]
Second,57,Plainsboro-Public-Library,8a:15:14:52:1c:80,-88.0,149,80,5GHz,[ESS][Unknown]
Second,58,Plainsboro-Public-Library,8a:15:04:52:23:c0,-47.0,6,20,2.4GHz,[ESS][Unknown]
Second,58,Plainsboro-Public-Library,8a:15:04:53:33:90,-49.0,6,20,2.4GHz,[ESS][Unknown]
Second,58,[Hidden],8a:15:14:52:23:cf,-57.0,153,20,5GHz,[WEP][ESS][WEP]
Second,58,CP1300-938B59,f8:a2:6d:93:8b:59,-57.0,2,20,2.4GHz,[ESS][Unknown]
Second,58,Plainsboro-Public-Library,8a:15:14:52:23:c0,-57.0,153,20,5GHz,[ESS][Unknown]
Second,58,Plainsboro-Public-Library,8a:15:04:53:49:70,-58.0,6,20,2.4GHz,[ESS][Unknown]
Second,58,Plainsboro-Public-Library,8a:15:14:53:33:90,-60.0,36,80,5GHz,[ESS][Unknown]
Second,58,Plainsboro-Public-Library,8a:15:14:53:49:70,-66.0,157,40,5GHz,[ESS][Unknown]
Second,58,Plainsboro-Public-Library,8a:15:04:51:e6:20,-68.0,1,20,2.4GHz,[ESS][Unknown]
Second,58,Plainsboro-Public-Library,8a:15:04:53:3c:30,-69.0,11,20,2.4GHz,[ESS][Unknown]
Second,58,Plainsboro-Public-Library,8a:15:14:51:e6:20,-70.0,149,20,5GHz,[ESS][Unknown]
Second,58,[Hidden],8a:15:14:53:3c:3f,-73.0,108,80,5GHz,[WEP][ESS][WEP]
Second,58,Plainsboro-Public-Library,8a:15:14:53:3c:30,-74.0,108,80,5GHz,[ESS][Unknown]
Second,58,Plainsboro-Public-Library,e2:55:6d:bc:13:60,-76.0,108,80,5GHz,[ESS][Unknown]
Second,58,[Hidden],e2:55:6d:bc:13:6f,-77.0,108,80,5GHz,[WEP][ESS][WEP]
Second,58,[Hidden],8a:15:14:53:49:4f,-81.0,48,80,5GHz,[WEP][ESS][WEP]
Second,58,Plainsboro-Public-Library,8a:15:14:53:49:40,-81.0,48,80,5GHz,[ESS][Unknown]
Second,58,Plainsboro-Public-Library,e6:55:b8:2d:e8:c4,-82.0,100,80,5GHz,[ESS][Unknown]
Second,58,[Hidden],da:55:b8:2d:e8:c4,-83.0,100,80,5GHz,[WPA2-PSK+PSK-SHA256-CCMP-256+CCMP-128][RSN-PSK+PSK-SHA256-CCMP-256+CCMP-128][ESS][WPA2 Personal]
Second,59,Plainsboro-Public-Library,8a:15:04:52:23:c0,-47.0,6,20,2.4GHz,[ESS][Unknown]
Second,59,Plainsboro-Public-Library,8a:15:04:53:33:90,-51.0,6,20,2.4GHz,[ESS][Unknown]
Second,59,Plainsboro-Public-Library,8a:15:04:53:49:70,-51.0,6,20,2.4GHz,[ESS][Unknown]
Second,59,CP1300-938B59,f8:a2:6d:93:8b:59,-56.0,2,20,2.4GHz,[ESS][Unknown]
Second,59,Plainsboro-Public-Library,8a:15:04:53:49:40,-57.0,6,20,2.4GHz,[ESS][Unknown]
Second,59,[Hidden],8a:15:14:52:23:cf,-58.0,153,20,5GHz,[WEP][ESS][WEP]
Second,59,Plainsboro-Public-Library,8a:15:14:52:23:c0,-59.0,153,20,5GHz,[ESS][Unknown]
Second,59,[Hidden],8a:15:14:53:33:9f,-61.0,36,80,5GHz,[WEP][ESS][WEP]
Second,59,Plainsboro-Public-Library,8a:15:14:53:33:90,-62.0,36,80,5GHz,[ESS][Unknown]
Second,59,Plainsboro-Public-Library,8a:15:04:51:e6:20,-64.0,1,20,2.4GHz,[ESS][Unknown]
Second,59,Plainsboro-Public-Library,8a:15:14:53:49:70,-65.0,157,40,5GHz,[ESS][Unknown]
Second,59,DIRECT-B1-HP PageWide Pro 477dw,4a:ba:4e:fb:f7:b1,-65.0,6,20,2.4GHz,[WPA2-PSK-CCMP-128][RSN-PSK-CCMP-128][ESS][WPS][WPA2 Personal]
Second,59,Plainsboro-Public-Library,e2:55:7d:bc:13:60,-66.0,6,20,2.4GHz,[ESS][Unknown]
Second,59,[Hidden],e2:55:7d:bc:13:6f,-66.0,6,20,2.4GHz,[WEP][ESS][WEP]
Second,59,Plainsboro-Public-Library,8a:15:04:53:3c:30,-71.0,11,20,2.4GHz,[ESS][Unknown]
Second,59,[Hidden],8a:15:14:53:3c:3f,-71.0,108,80,5GHz,[WEP][ESS][WEP]
Second,59,Plainsboro-Public-Library,e4:55:a8:2d:e8:c4,-73.0,1,20,2.4GHz,[ESS][Unknown]
Second,59,[Hidden],e2:55:6d:bc:13:6f,-74.0,108,80,5GHz,[WEP][ESS][WEP]
Second,59,Plainsboro-Public-Library,8a:15:14:51:e6:20,-74.0,149,20,5GHz,[ESS][Unknown]
Second,59,Plainsboro-Public-Library,8a:15:14:53:3c:30,-74.0,108,80,5GHz,[ESS][Unknown]
Second,59,[Hidden],da:55:b8:2d:e8:c4,-74.0,100,80,5GHz,[WPA2-PSK+PSK-SHA256-CCMP-256+CCMP-128][RSN-PSK+PSK-SHA256-CCMP-256+CCMP-128][ESS][WPA2 Personal]
Second,59,Plainsboro-Public-Library,8a:15:14:53:49:40,-75.0,48,80,5GHz,[ESS][Unknown]
Second,59,Plainsboro-Public-Library,e2:55:6d:bc:13:60,-76.0,108,80,5GHz,[ESS][Unknown]
Second,59,Plainsboro-Public-Library,e6:55:b8:2d:e8:c4,-76.0,100,80,5GHz,[ESS][Unknown]
Second,59,DIRECT-C4-HP Color LJ 4301,26:6a:0e:58:e7:c4,-77.0,6,20,2.4GHz,[WPA2-PSK-CCMP-128][RSN-PSK-CCMP-128][ESS][WPS][WPA2 Personal]
Second,60,Plainsboro-Public-Library,8a:15:04:52:23:c0,-32.0,6,20,2.4GHz,[ESS][Unknown]
Second,60,CP1300-938B59,f8:a2:6d:93:8b:59,-51.0,2,20,2.4GHz,[ESS][Unknown]
Second,60,DIRECT-B1-HP PageWide Pro 477dw,4a:ba:4e:fb:f7:b1,-58.0,6,20,2.4GHz,[WPA2-PSK-CCMP-128][RSN-PSK-CCMP-128][ESS][WPS][WPA2 Personal]
Second,60,[Hidden],e2:55:6d:bc:13:6f,-61.0,108,80,5GHz,[WEP][ESS][WEP]
Second,60,Plainsboro-Public-Library,8a:15:04:51:e6:20,-62.0,1,20,2.4GHz,[ESS][Unknown]
Second,60,Plainsboro-Public-Library,8a:15:14:51:e6:20,-63.0,149,20,5GHz,[ESS][Unknown]
Second,60,Plainsboro-Public-Library,e2:55:6d:bc:13:60,-64.0,108,80,5GHz,[ESS][Unknown]
Second,60,Plainsboro-Public-Library,8a:15:04:53:3c:30,-66.0,11,20,2.4GHz,[ESS][Unknown]
Second,60,[Hidden],8a:15:14:53:3c:3f,-67.0,108,80,5GHz,[WEP][ESS][WEP]
Second,60,Plainsboro-Public-Library,8a:15:14:53:3c:30,-68.0,108,80,5GHz,[ESS][Unknown]
Second,60,[Hidden],8a:15:04:53:49:4f,-68.0,6,20,2.4GHz,[WEP][ESS][WEP]
Second,60,Plainsboro-Public-Library,8a:15:14:53:49:70,-68.0,157,40,5GHz,[ESS][Unknown]
Second,60,Plainsboro-Public-Library,8a:15:14:53:33:90,-69.0,36,80,5GHz,[ESS][Unknown]
Second,60,Plainsboro-Public-Library,8a:15:04:53:49:40,-69.0,6,20,2.4GHz,[ESS][Unknown]
Second,60,Plainsboro-Public-Library,e4:55:a8:2d:e8:c4,-70.0,1,20,2.4GHz,[ESS][Unknown]
Second,60,[Hidden],da:55:b8:2d:e8:c4,-70.0,100,80,5GHz,[WPA2-PSK+PSK-SHA256-CCMP-256+CCMP-128][RSN-PSK+PSK-SHA256-CCMP-256+CCMP-128][ESS][WPA2 Personal]
Second,60,Plainsboro-Public-Library,e6:55:b8:2d:e8:c4,-72.0,100,80,5GHz,[ESS][Unknown]
Second,60,Plainsboro-Public-Library,8a:15:14:53:49:40,-75.0,48,80,5GHz,[ESS][Unknown]
Second,60,DIRECT-C4-HP Color LJ 4301,26:6a:0e:58:e7:c4,-78.0,6,20,2.4GHz,[WPA2-PSK-CCMP-128][RSN-PSK-CCMP-128][ESS][WPS][WPA2 Personal]
Second,60,[Hidden],8a:15:14:53:3b:1f,-84.0,153,80,5GHz,[WEP][ESS][WEP]
Second,60,Plainsboro-Public-Library,8a:15:14:53:3b:10,-85.0,153,80,5GHz,[ESS][Unknown]
Second,61,Plainsboro-Public-Library,8a:15:04:52:23:c0,-38.0,6,20,2.4GHz,[ESS][Unknown]
Second,61,Plainsboro-Public-Library,8a:15:14:52:23:c0,-41.0,153,20,5GHz,[ESS][Unknown]
Second,61,Plainsboro-Public-Library,8a:15:04:53:33:90,-52.0,6,20,2.4GHz,[ESS][Unknown]
Second,61,Plainsboro-Public-Library,8a:15:04:53:49:70,-52.0,6,20,2.4GHz,[ESS][Unknown]
Second,61,[Hidden],8a:15:04:53:33:9f,-52.0,6,20,2.4GHz,[WEP][ESS][WEP]
Second,61,Plainsboro-Public-Library,e2:55:7d:bc:13:60,-56.0,6,20,2.4GHz,[ESS][Unknown]
Second,61,Plainsboro-Public-Library,8a:15:04:53:49:40,-56.0,6,20,2.4GHz,[ESS][Unknown]
Second,61,[Hidden],8a:15:04:53:3c:3f,-57.0,11,20,2.4GHz,[WEP][ESS][WEP]
Second,61,Plainsboro-Public-Library,8a:15:04:51:e6:20,-57.0,1,20,2.4GHz,[ESS][Unknown]
Second,61,Plainsboro-Public-Library,8a:15:04:53:3c:30,-58.0,11,20,2.4GHz,[ESS][Unknown]
Second,61,[Hidden],8a:15:04:53:49:4f,-58.0,6,20,2.4GHz,[WEP][ESS][WEP]
Second,61,Plainsboro-Public-Library,8a:15:14:53:49:70,-61.0,157,40,5GHz,[ESS][Unknown]
Second,61,[Hidden],8a:15:14:53:33:9f,-62.0,36,80,5GHz,[WEP][ESS][WEP]
Second,61,Plainsboro-Public-Library,8a:15:14:53:33:90,-62.0,36,80,5GHz,[ESS][Unknown]
Second,61,Plainsboro-Public-Library,e2:55:6d:bc:13:60,-63.0,108,80,5GHz,[ESS][Unknown]
Second,61,[Hidden],8a:15:14:53:49:7f,-63.0,157,40,5GHz,[WEP][ESS][WEP]
Second,61,CP1300-938B59,f8:a2:6d:93:8b:59,-63.0,2,20,2.4GHz,[ESS][Unknown]
Second,61,Plainsboro-Public-Library,8a:15:14:51:e6:20,-66.0,149,20,5GHz,[ESS][Unknown]
Second,61,DIRECT-B1-HP PageWide Pro 477dw,4a:ba:4e:fb:f7:b1,-66.0,6,20,2.4GHz,[WPA2-PSK-CCMP-128][RSN-PSK-CCMP-128][ESS][WPS][WPA2 Personal]
Second,61,Plainsboro-Public-Library,8a:15:04:53:3b:10,-67.0,6,20,2.4GHz,[ESS][Unknown]
Second,61,Plainsboro-Public-Library,8a:15:14:53:49:40,-69.0,48,80,5GHz,[ESS][Unknown]
Second,61,Plainsboro-Public-Library,8a:15:14:53:3c:30,-70.0,108,80,5GHz,[ESS][Unknown]
Second,61,[Hidden],8a:15:14:53:3c:3f,-71.0,108,80,5GHz,[WEP][ESS][WEP]
Second,61,Plainsboro-Public-Library,e4:55:a8:2d:e8:c4,-76.0,1,20,2.4GHz,[ESS][Unknown]
Second,61,Plainsboro-Public-Library,e6:55:b8:2d:e8:c4,-80.0,100,80,5GHz,[ESS][Unknown]
Second,61,[Hidden],da:55:b8:2d:e8:c4,-80.0,100,80,5GHz,[WPA2-PSK+PSK-SHA256-CCMP-256+CCMP-128][RSN-PSK+PSK-SHA256-CCMP-256+CCMP-128][ESS][WPA2 Personal]
Second,61,[Hidden],8a:15:14:53:3b:1f,-81.0,153,80,5GHz,[WEP][ESS][WEP]
Second,61,Plainsboro-Public-Library,8a:15:14:53:3b:10,-82.0,153,80,5GHz,[ESS][Unknown]
Second,61,DIRECT-C4-HP Color LJ 4301,26:6a:0e:58:e7:c4,-87.0,6,20,2.4GHz,[WPA2-PSK-CCMP-128][RSN-PSK-CCMP-128][ESS][WPS][WPA2 Personal]
Second,62,Plainsboro-Public-Library,8a:15:04:52:23:c0,-40.0,6,20,2.4GHz,[ESS][Unknown]
Second,62,Plainsboro-Public-Library,8a:15:14:52:23:c0,-47.0,153,20,5GHz,[ESS][Unknown]
Second,62,Plainsboro-Public-Library,8a:15:04:53:33:90,-48.0,6,20,2.4GHz,[ESS][Unknown]
Second,62,[Hidden],8a:15:04:53:33:9f,-51.0,6,20,2.4GHz,[WEP][ESS][WEP]
Second,62,CP1300-938B59,f8:a2:6d:93:8b:59,-55.0,2,20,2.4GHz,[ESS][Unknown]
Second,62,[Hidden],8a:15:04:53:49:7f,-55.0,6,20,2.4GHz,[WEP][ESS][WEP]
Second,62,Plainsboro-Public-Library,e2:55:7d:bc:13:60,-55.0,6,20,2.4GHz,[ESS][Unknown]
Second,62,Plainsboro-Public-Library,8a:15:04:53:49:70,-56.0,6,20,2.4GHz,[ESS][Unknown]
Second,62,Plainsboro-Public-Library,8a:15:04:53:49:40,-60.0,6,20,2.4GHz,[ESS][Unknown]
Second,62,[Hidden],8a:15:04:53:3c:3f,-61.0,11,20,2.4GHz,[WEP][ESS][WEP]
Second,62,[Hidden],8a:15:04:51:e6:2f,-61.0,1,20,2.4GHz,[WEP][ESS][WEP]
Second,62,Plainsboro-Public-Library,8a:15:04:53:3c:30,-61.0,11,20,2.4GHz,[ESS][Unknown]
Second,62,[Hidden],8a:15:14:53:33:9f,-61.0,36,80,5GHz,[WEP][ESS][WEP]
Second,62,Plainsboro-Public-Library,8a:15:14:53:33:90,-61.0,36,80,5GHz,[ESS][Unknown]
Second,62,Plainsboro-Public-Library,8a:15:04:51:e6:20,-63.0,1,20,2.4GHz,[ESS][Unknown]
Second,62,Plainsboro-Public-Library,8a:15:14:51:e6:20,-65.0,149,20,5GHz,[ESS][Unknown]
Second,62,DIRECT-B1-HP PageWide Pro 477dw,4a:ba:4e:fb:f7:b1,-66.0,6,20,2.4GHz,[WPA2-PSK-CCMP-128][RSN-PSK-CCMP-128][ESS][WPS][WPA2 Personal]
Second,62,[Hidden],8a:15:14:53:49:7f,-67.0,157,40,5GHz,[WEP][ESS][WEP]
Second,62,[Hidden],8a:15:14:51:e6:2f,-67.0,149,20,5GHz,[WEP][ESS][WEP]
Second,62,Plainsboro-Public-Library,8a:15:14:53:49:70,-69.0,157,40,5GHz,[ESS][Unknown]
Second,62,Plainsboro-Public-Library,8a:15:14:53:3c:30,-72.0,108,80,5GHz,[ESS][Unknown]
Second,62,[Hidden],8a:15:14:53:3c:3f,-73.0,108,80,5GHz,[WEP][ESS][WEP]
Second,62,[Hidden],da:55:a8:2d:e8:c4,-74.0,1,20,2.4GHz,[WPA2-PSK+PSK-SHA256-CCMP-256+CCMP-128][RSN-PSK+PSK-SHA256-CCMP-256+CCMP-128][ESS][WPA2 Personal]
Second,62,Plainsboro-Public-Library,8a:15:14:53:49:40,-74.0,48,80,5GHz,[ESS][Unknown]
Second,62,Plainsboro-Public-Library,e2:55:6d:bc:13:60,-75.0,108,80,5GHz,[ESS][Unknown]
Second,62,Plainsboro-Public-Library,e6:55:b8:2d:e8:c4,-75.0,100,80,5GHz,[ESS][Unknown]
Second,62,[Hidden],8a:15:04:53:3b:1f,-76.0,6,20,2.4GHz,[WEP][ESS][WEP]
Second,62,[Hidden],da:55:b8:2d:e8:c4,-76.0,100,80,5GHz,[WPA2-PSK+PSK-SHA256-CCMP-256+CCMP-128][RSN-PSK+PSK-SHA256-CCMP-256+CCMP-128][ESS][WPA2 Personal]
Second,62,Plainsboro-Public-Library,e4:55:a8:2d:e8:c4,-77.0,1,20,2.4GHz,[ESS][Unknown]
Second,62,Plainsboro-Public-Library,8a:15:04:52:1c:80,-78.0,11,20,2.4GHz,[ESS][Unknown]
Second,62,Plainsboro-Public-Library,8a:15:04:53:3b:10,-78.0,6,20,2.4GHz,[ESS][Unknown]
Second,63,[Hidden],8a:15:04:51:e6:2f,-43.0,1,20,2.4GHz,[WEP][ESS][WEP]
Second,63,Plainsboro-Public-Library,8a:15:04:51:e6:20,-44.0,1,20,2.4GHz,[ESS][Unknown]
Second,63,Plainsboro-Public-Library,8a:15:14:51:e6:20,-49.0,149,20,5GHz,[ESS][Unknown]
Second,63,[Hidden],8a:15:04:53:33:9f,-57.0,6,20,2.4GHz,[WEP][ESS][WEP]
Second,63,Plainsboro-Public-Library,8a:15:04:53:33:90,-59.0,6,20,2.4GHz,[ESS][Unknown]
Second,63,Plainsboro-Public-Library,8a:15:04:52:23:c0,-61.0,6,20,2.4GHz,[ESS][Unknown]
Second,63,[Hidden],8a:15:04:52:23:cf,-61.0,6,20,2.4GHz,[WEP][ESS][WEP]
Second,63,[Hidden],8a:15:04:53:3c:3f,-63.0,11,20,2.4GHz,[WEP][ESS][WEP]
Second,63,Plainsboro-Public-Library,8a:15:04:53:3c:30,-63.0,11,20,2.4GHz,[ESS][Unknown]
Second,63,Plainsboro-Public-Library,8a:15:04:53:49:40,-65.0,6,20,2.4GHz,[ESS][Unknown]
Second,63,[Hidden],8a:15:04:53:49:4f,-66.0,6,20,2.4GHz,[WEP][ESS][WEP]
Second,63,Plainsboro-Public-Library,8a:15:04:53:49:70,-68.0,6,20,2.4GHz,[ESS][Unknown]
Second,63,[Hidden],8a:15:14:53:3c:3f,-70.0,108,80,5GHz,[WEP][ESS][WEP]
Second,63,[Hidden],8a:15:14:53:49:7f,-71.0,157,40,5GHz,[WEP][ESS][WEP]
Second,63,Plainsboro-Public-Library,8a:15:14:53:3c:30,-71.0,108,80,5GHz,[ESS][Unknown]
Second,63,Plainsboro-Public-Library,8a:15:14:52:23:c0,-71.0,153,20,5GHz,[ESS][Unknown]
Second,63,Plainsboro-Public-Library,8a:15:14:53:49:70,-72.0,157,40,5GHz,[ESS][Unknown]
Second,63,[Hidden],8a:15:14:52:23:cf,-74.0,153,20,5GHz,[WEP][ESS][WEP]
Second,63,Plainsboro-Public-Library,8a:15:14:53:33:90,-74.0,36,80,5GHz,[ESS][Unknown]
Second,63,Link,a0:04:60:c4:40:b3,-76.0,3,20,2.4GHz,[WPA2-PSK-CCMP-128][RSN-PSK-CCMP-128][ESS][WPS][WPA2 Personal]
Second,63,Plainsboro-Public-Library,e2:55:7d:bc:13:60,-77.0,6,20,2.4GHz,[ESS][Unknown]
Second,63,Plainsboro-Public-Library,8a:15:14:53:49:40,-78.0,48,80,5GHz,[ESS][Unknown]
Second,63,CP1300-938B59,f8:a2:6d:93:8b:59,-78.0,2,20,2.4GHz,[ESS][Unknown]
Second,63,Plainsboro-Public-Library,8a:15:04:53:34:a0,-80.0,6,20,2.4GHz,[ESS][Unknown]
Second,63,[Hidden],8a:15:04:53:34:af,-82.0,6,20,2.4GHz,[WEP][ESS][WEP]
Second,63,ASUS17,7c:10:c9:a4:fc:a0,-88.0,9,20,2.4GHz,[WPA2-PSK-CCMP-128][RSN-PSK-CCMP-128][ESS][WPA2 Personal]
Second,63,Verizon_44LJJS,78:67:0e:a4:12:bc,-90.0,48,80,5GHz,[WPA2-PSK-CCMP-128][RSN-PSK-CCMP-128][ESS][WPS][WPA2 Personal]
Second,64,Plainsboro-Public-Library,8a:15:04:53:33:90,-40.0,6,20,2.4GHz,[ESS][Unknown]
Second,64,[Hidden],8a:15:14:53:33:9f,-52.0,36,80,5GHz,[WEP][ESS][WEP]
Second,64,Plainsboro-Public-Library,8a:15:14:53:33:90,-55.0,36,80,5GHz,[ESS][Unknown]
Second,64,Plainsboro-Public-Library,8a:15:04:51:e6:20,-55.0,1,20,2.4GHz,[ESS][Unknown]
Second,64,Plainsboro-Public-Library,8a:15:04:52:23:c0,-61.0,6,20,2.4GHz,[ESS][Unknown]
Second,64,Plainsboro-Public-Library,8a:15:04:53:49:70,-62.0,6,20,2.4GHz,[ESS][Unknown]
Second,64,Plainsboro-Public-Library,8a:15:14:51:e6:20,-63.0,149,20,5GHz,[ESS][Unknown]
Second,64,Plainsboro-Public-Library,8a:15:04:53:3c:30,-63.0,11,20,2.4GHz,[ESS][Unknown]
Second,64,Plainsboro-Public-Library,8a:15:14:52:23:c0,-63.0,153,20,5GHz,[ESS][Unknown]
Second,64,[Hidden],8a:15:14:52:23:cf,-65.0,153,20,5GHz,[WEP][ESS][WEP]
Second,64,[Hidden],8a:15:04:53:3c:3f,-65.0,11,20,2.4GHz,[WEP][ESS][WEP]
Second,64,Plainsboro-Public-Library,8a:15:04:53:49:40,-67.0,6,20,2.4GHz,[ESS][Unknown]
Second,64,[Hidden],8a:15:14:53:49:7f,-70.0,157,40,5GHz,[WEP][ESS][WEP]
Second,64,[Hidden],8a:15:04:53:49:4f,-71.0,6,20,2.4GHz,[WEP][ESS][WEP]
Second,64,Plainsboro-Public-Library,8a:15:14:53:49:70,-73.0,157,40,5GHz,[ESS][Unknown]
Second,64,Plainsboro-Public-Library,8a:15:04:52:1c:80,-75.0,11,20,2.4GHz,[ESS][Unknown]
Second,64,CP1300-938B59,f8:a2:6d:93:8b:59,-77.0,2,20,2.4GHz,[ESS][Unknown]
Second,64,Plainsboro-Public-Library,8a:15:14:53:3c:30,-78.0,108,80,5GHz,[ESS][Unknown]
Second,64,[Hidden],8a:15:14:53:3c:3f,-78.0,108,80,5GHz,[WEP][ESS][WEP]
Second,64,[Hidden],8a:15:14:53:49:4f,-79.0,48,80,5GHz,[WEP][ESS][WEP]
Second,64,Plainsboro-Public-Library,8a:15:14:53:49:40,-80.0,48,80,5GHz,[ESS][Unknown]
Second,64,Plainsboro-Public-Library,e2:55:6d:bc:13:60,-81.0,108,80,5GHz,[ESS][Unknown]
Second,64,Plainsboro-Public-Library,8a:15:14:52:1c:80,-83.0,149,80,5GHz,[ESS][Unknown]
Second,65,Plainsboro-Public-Library,8a:15:04:51:e6:20,-43.0,1,20,2.4GHz,[ESS][Unknown]
Second,65,[Hidden],8a:15:04:51:e6:2f,-48.0,1,20,2.4GHz,[WEP][ESS][WEP]
Second,65,[Hidden],8a:15:14:51:e6:2f,-49.0,149,20,5GHz,[WEP][ESS][WEP]
Second,65,Plainsboro-Public-Library,8a:15:14:51:e6:20,-50.0,149,20,5GHz,[ESS][Unknown]
Second,65,Plainsboro-Public-Library,8a:15:04:53:49:70,-60.0,6,20,2.4GHz,[ESS][Unknown]
Second,65,Plainsboro-Public-Library,8a:15:04:53:33:90,-62.0,6,20,2.4GHz,[ESS][Unknown]
Second,65,[Hidden],8a:15:04:53:3c:3f,-64.0,11,20,2.4GHz,[WEP][ESS][WEP]
Second,65,[Hidden],8a:15:04:53:33:9f,-64.0,6,20,2.4GHz,[WEP][ESS][WEP]
Second,65,Plainsboro-Public-Library,8a:15:04:53:3c:30,-65.0,11,20,2.4GHz,[ESS][Unknown]
Second,65,Plainsboro-Public-Library,8a:15:04:52:23:c0,-68.0,6,20,2.4GHz,[ESS][Unknown]
Second,65,[Hidden],8a:15:04:52:23:cf,-68.0,6,20,2.4GHz,[WEP][ESS][WEP]
Second,65,[Hidden],8a:15:14:53:49:7f,-70.0,157,40,5GHz,[WEP][ESS][WEP]
Second,65,Plainsboro-Public-Library,8a:15:14:53:3c:30,-71.0,108,80,5GHz,[ESS][Unknown]
Second,65,Plainsboro-Public-Library,8a:15:14:53:49:70,-71.0,157,40,5GHz,[ESS][Unknown]
Second,65,[Hidden],8a:15:14:53:33:9f,-72.0,36,80,5GHz,[WEP][ESS][WEP]
Second,65,Plainsboro-Public-Library,8a:15:14:53:33:90,-72.0,36,80,5GHz,[ESS][Unknown]
Second,65,[Hidden],8a:15:14:53:3c:3f,-72.0,108,80,5GHz,[WEP][ESS][WEP]
Second,65,Plainsboro-Public-Library,8a:15:14:52:23:c0,-74.0,153,20,5GHz,[ESS][Unknown]
Second,65,Plainsboro-Public-Library,8a:15:04:53:49:40,-74.0,6,20,2.4GHz,[ESS][Unknown]
Second,65,[Hidden],8a:15:04:53:49:7f,-75.0,6,20,2.4GHz,[WEP][ESS][WEP]
Second,65,[Hidden],8a:15:04:53:49:4f,-80.0,6,20,2.4GHz,[WEP][ESS][WEP]
Second,65,Verizon_44LJJS,78:67:0e:a4:12:bb,-80.0,6,20,2.4GHz,[WPA2-PSK-CCMP-128][RSN-PSK-CCMP-128][ESS][WPS][WPA2 Personal]
Second,65,Plainsboro-Public-Library,e2:55:7d:bc:13:60,-80.0,6,20,2.4GHz,[ESS][Unknown]
Second,65,[Hidden],e2:55:7d:bc:13:6f,-80.0,6,20,2.4GHz,[WEP][ESS][WEP]
Second,65,Plainsboro-Public-Library,8a:15:14:53:49:40,-82.0,48,80,5GHz,[ESS][Unknown]
Second,65,[Hidden],8a:15:14:53:49:4f,-82.0,48,80,5GHz,[WEP][ESS][WEP]
Second,65,[Hidden],8a:15:04:53:34:af,-85.0,6,20,2.4GHz,[WEP][ESS][WEP]
Second,65,Plainsboro-Public-Library,8a:15:04:53:34:a0,-86.0,6,20,2.4GHz,[ESS][Unknown]
Second,65,CP1300-938B59,f8:a2:6d:93:8b:59,-87.0,2,20,2.4GHz,[ESS][Unknown]
Second,66,Plainsboro-Public-Library,8a:15:04:53:33:90,-42.0,6,20,2.4GHz,[ESS][Unknown]
Second,66,Plainsboro-Public-Library,8a:15:14:53:33:90,-45.0,36,80,5GHz,[ESS][Unknown]
Second,66,Plainsboro-Public-Library,8a:15:04:52:23:c0,-62.0,6,20,2.4GHz,[ESS][Unknown]
Second,66,Plainsboro-Public-Library,8a:15:04:51:e6:20,-67.0,1,20,2.4GHz,[ESS][Unknown]
Second,66,[Hidden],8a:15:14:51:e6:2f,-67.0,149,20,5GHz,[WEP][ESS][WEP]
Second,66,Plainsboro-Public-Library,8a:15:14:51:e6:20,-68.0,149,20,5GHz,[ESS][Unknown]
Second,66,Plainsboro-Public-Library,8a:15:14:52:23:c0,-70.0,153,20,5GHz,[ESS][Unknown]
Second,66,Plainsboro-Public-Library,8a:15:04:53:3c:30,-71.0,11,20,2.4GHz,[ESS][Unknown]
Second,66,Plainsboro-Public-Library,8a:15:14:52:1c:80,-71.0,149,80,5GHz,[ESS][Unknown]
Second,66,[Hidden],8a:15:04:53:49:7f,-72.0,6,20,2.4GHz,[WEP][ESS][WEP]
Second,66,[Hidden],e2:55:7d:bc:13:6f,-72.0,6,20,2.4GHz,[WEP][ESS][WEP]
Second,66,[Hidden],8a:15:14:52:23:cf,-73.0,153,20,5GHz,[WEP][ESS][WEP]
Second,66,Plainsboro-Public-Library,8a:15:04:53:49:70,-74.0,6,20,2.4GHz,[ESS][Unknown]
Second,66,[Hidden],8a:15:14:52:1c:8f,-74.0,149,80,5GHz,[WEP][ESS][WEP]
Second,66,Plainsboro-Public-Library,8a:15:04:52:1c:80,-74.0,11,20,2.4GHz,[ESS][Unknown]
Second,66,Plainsboro-Public-Library,e2:55:7d:bc:13:60,-76.0,6,20,2.4GHz,[ESS][Unknown]
Second,66,[Hidden],8a:15:14:53:49:7f,-79.0,157,40,5GHz,[WEP][ESS][WEP]
Second,66,CP1300-938B59,f8:a2:6d:93:8b:59,-79.0,2,20,2.4GHz,[ESS][Unknown]
Second,66,Plainsboro-Public-Library,8a:15:14:53:49:70,-79.0,157,40,5GHz,[ESS][Unknown]
Second,66,Plainsboro-Public-Library,8a:15:04:53:49:40,-79.0,6,20,2.4GHz,[ESS][Unknown]
Second,66,[Hidden],8a:15:14:53:3c:3f,-80.0,108,80,5GHz,[WEP][ESS][WEP]
Second,66,DIRECT-B1-HP PageWide Pro 477dw,4a:ba:4e:fb:f7:b1,-80.0,6,20,2.4GHz,[WPA2-PSK-CCMP-128][RSN-PSK-CCMP-128][ESS][WPS][WPA2 Personal]
Second,66,Plainsboro-Public-Library,8a:15:14:53:3c:30,-81.0,108,80,5GHz,[ESS][Unknown]
Second,66,Plainsboro-Public-Library,8a:15:14:53:49:40,-83.0,48,80,5GHz,[ESS][Unknown]
Second,66,[Hidden],8a:15:14:53:49:4f,-83.0,48,80,5GHz,[WEP][ESS][WEP]
Second,66,Plainsboro-Public-Library,e2:55:6d:bc:13:60,-87.0,108,80,5GHz,[ESS][Unknown]
Ground,67,Plainsboro-Public-Library,8a:15:14:53:49:70,-51.0,157,40,5GHz,[ESS][Unknown]
Ground,67,Plainsboro-Public-Library,8a:15:04:52:23:c0,-51.0,6,20,2.4GHz,[ESS][Unknown]
Ground,67,Plainsboro-Public-Library,8a:15:04:53:49:70,-53.0,6,20,2.4GHz,[ESS][Unknown]
Ground,67,Plainsboro-Public-Library,8a:15:14:52:23:c0,-59.0,153,20,5GHz,[ESS][Unknown]
Ground,67,Plainsboro-Public-Library,8a:15:04:53:49:40,-59.0,6,20,2.4GHz,[ESS][Unknown]
Ground,67,Plainsboro-Public-Library,8a:15:04:53:33:90,-62.0,6,20,2.4GHz,[ESS][Unknown]
Ground,67,Plainsboro-Public-Library,e4:55:a8:2d:e8:c4,-63.0,1,20,2.4GHz,[ESS][Unknown]
Ground,67,Plainsboro-Public-Library,e6:55:b8:2d:e8:c4,-63.0,100,80,5GHz,[ESS][Unknown]
Ground,67,[Hidden],8a:15:04:51:e6:2f,-65.0,1,20,2.4GHz,[WEP][ESS][WEP]
Ground,67,Violet,72:13:01:85:38:49,-66.0,1,20,2.4GHz,[WPA2-PSK-CCMP-128][RSN-PSK+SAE-CCMP-128][ESS][WPS][MFPC][WPA2 Personal][WPA3 Personal]
Ground,67,[Hidden],da:55:b8:2d:e8:c4,-66.0,100,80,5GHz,[WPA2-PSK+PSK-SHA256-CCMP-256+CCMP-128][RSN-PSK+PSK-SHA256-CCMP-256+CCMP-128][ESS][WPA2 Personal]
Ground,67,Plainsboro-Public-Library,8a:15:04:53:3c:30,-67.0,11,20,2.4GHz,[ESS][Unknown]
Ground,67,Plainsboro-Public-Library,8a:15:14:53:49:40,-69.0,48,80,5GHz,[ESS][Unknown]
Ground,67,DIRECT-B1-HP PageWide Pro 477dw,4a:ba:4e:fb:f7:b1,-69.0,6,20,2.4GHz,[WPA2-PSK-CCMP-128][RSN-PSK-CCMP-128][ESS][WPS][WPA2 Personal]
Ground,67,[Hidden],8a:15:14:53:49:4f,-71.0,48,80,5GHz,[WEP][ESS][WEP]
Ground,67,Plainsboro-Public-Library,8a:15:14:51:e6:20,-72.0,149,20,5GHz,[ESS][Unknown]
Ground,67,Plainsboro-Public-Library,8a:15:14:53:33:90,-72.0,36,80,5GHz,[ESS][Unknown]
Ground,67,Plainsboro-Public-Library,8a:15:14:53:3c:30,-72.0,108,80,5GHz,[ESS][Unknown]
Ground,67,CP1300-938B59,f8:a2:6d:93:8b:59,-72.0,2,20,2.4GHz,[ESS][Unknown]
Ground,67,[Hidden],e2:55:6d:bc:13:6f,-82.0,108,80,5GHz,[WEP][ESS][WEP]
Ground,67,Plainsboro-Public-Library,e2:55:6d:bc:13:60,-83.0,108,80,5GHz,[ESS][Unknown]
Ground,67,[Hidden],8a:15:14:53:34:af,-86.0,149,80,5GHz,[WEP][ESS][WEP]
Ground,67,Plainsboro-Public-Library,8a:15:14:53:34:a0,-86.0,149,80,5GHz,[ESS][Unknown]
